airdrop_name,positive,neutral,negative,total_words,total_upvotes,comment_count,average_comment_length,scam_probability,is_scam,total,positive_percentage,neutral_percentage,negative_percentage
CurveBlock,0.28306722600399337,0,0,386,33,8,465,-0.000733335,FALSE,0,100,0,0
Huddl,17.41333558729363,0,111.33201676697391,1890,935,46,1356,0.049692424,FALSE,0,13.525409087683023,0,86.47459091231697
FEEDOCK,0,0,0,0,0,0,0,0,FALSE,0,0,0,0
HARA,124822.6271,0,297912.3143484889,85140,3453095,1606,118934,2.033000789760475,TRUE,0,29.52739763553386,0,70.47260236446614
Vreo,0.072130026,0,0.9348664967002209,412,37,9,338,0.002094021,FALSE,0,7.162887269223725,0,92.83711273077627
HiLynk,0,0,0.7974257264301969,131,26,4,99,0.006087219,FALSE,0,0,0,100
Depository Network,13.665883477487144,0,0.797736048,1207,577,32,1056,-0.010661265,FALSE,0,94.48453378801723,0,5.5154662119827735
Ellcrys,3.269485033,0,10.550683255386003,2631,1310,67,2750,0.002767464,FALSE,0,23.657346022285182,0,76.34265397771482
Bitpanda,112.36448597459388,0,1148.788321419679,3974,18764,117,3568,0.26080116644315177,TRUE,0,8.909664658857274,0,91.09033534114272
Consensus,3229.218825263542,0,29345.92834,34780,661319,646,83809,0.7509117170081011,TRUE,0,9.913136566,0,90.08686343425357
Stox,63.825274436164975,0,2.889506053987515,712,1626,21,592,-0.085583944,FALSE,0,95.66886672974361,0,4.331133270256392
Mycro Jobs,0,0,0,0,0,0,0,0,FALSE,0,0,0,0
Instant Sponsor,1.335282518674288,0,0.5722385560837868,355,28,7,423,-0.00214942,FALSE,0,70.00093138387149,0,29.999068616128504
GoFind.World,0,0,0,0,0,0,0,0,FALSE,0,0,0,0
MinedBlock,3.1549774638408414,0,0.016141370806263006,124,108,6,115,-0.025313194,FALSE,0,99.49098814494414,0,0.5090118550558603
Crypt-ON,5.783071182183566,0,2.6646349084759837,180,267,6,108,-0.017324646,FALSE,0,68.45729621888462,0,31.542703781115378
CoinJax,0,0,0,0,0,0,0,0,FALSE,0,0,0,0
LEXIT,423.69211903416334,0,4274.066722523386,8295,123781,117,20026,0.464180181,TRUE,0,9.019026589574521,0,90.98097341042546
AIVON,0.23716684232436103,0,0.23202513516109632,116,27,6,94,-4.43E-05,FALSE,0,50.547932126932416,0,49.45206787306758
Archetypal Network,0,0,0.4091516868123468,37,27,1,3,0.011058153697630996,FALSE,0,0,0,100
B21,21.91835476681279,0,59.55526955332432,717,717,33,632,0.05249221,FALSE,0,26.902393197445406,0,73.09760680255461
Open Packaging Network,0.2341810356577653,0,0,17,8,1,8,-0.013775355,FALSE,0,100,0,0
Bistox Exchange,31.35938317930647,0,0,398,707,11,363,-0.07879242,FALSE,0,100,0,0
FortKnoxster,62.438723062949606,0,0.3938134524469056,462,464,22,271,-0.134296341,FALSE,0,99.37323324142675,0,0.6267667585732518
Connecty,6.259878517445471,0,0,803,190,34,666,-0.007795615,FALSE,0,100,0,0
Truwho,0,0,0.016533705,113,3,2,111,0.000146316,FALSE,0,0,0,100
Hydro Protocol,0,0,0.34131909481571965,136,5,4,81,0.002509699,FALSE,0,0,0,100
Kidbizo,0,0,0,0,0,0,0,0,FALSE,0,0,0,0
SIRIN LABS,16.393368348470784,0,44.883396939771934,1891,1946,43,1595,0.015066117710894316,FALSE,0,26.752992380321043,0,73.24700761967897
Get Achieve,0,0,1061.8038120301994,691,9096,8,945,1.536619120159478,TRUE,0,0,0,100
Bright Network,0.8159953949709489,0,0.9169084374819789,701,58,14,560,0.000143956,FALSE,0,47.08832536978733,0,52.911674630212666
Sentinel,82.08692545079303,0,91.47447488047649,9930,10016,186,22077,0.000945373,FALSE,0,47.29561140559888,0,52.70438859440113
Certified Diamond Coin,1.5550491733790606,0,0.067436824,260,41,6,230,-0.005721586,FALSE,0,95.84361134959947,0,4.156388650400529
idealcoin,1.4686787040405171,0,0,51,30,2,43,-0.028797622,FALSE,0,100,0,0
GOZO,0.08259928,0,0,414,15,6,452,-0.000199515,FALSE,0,100,0,0
Smart Refinery Technologies,21.398546019017182,0,0.8143702809450009,1742,462,48,1286,-0.011816404,FALSE,0,96.33379845335128,0,3.6662015466487277
Javvy,30.23111828888131,0,1.9186386197444525,2657,1463,64,2204,-0.010655807,FALSE,0,94.03218311977443,0,5.967816880225564
STAYGE,0.043597285,0,0,88,1,1,142,-0.000495424,FALSE,0,100,0,0
Zulu Republic,0,0,22.393776727168557,228,616,2,280,0.098218319,FALSE,0,0,0,100
Aelf,1770.5262296100022,0,268.0760612243355,2505,111271,95,2080,-0.599780506,FALSE,0,86.85000686845005,0,13.149993131549955
ETH Birds,0,0,0.019944484628508112,97,1,1,100,0.000205613,FALSE,0,0,0,100
weBloc,28.98753440146572,0,22.542319244451498,2000,1868,59,2411,-0.003222608,FALSE,0,56.25386518784038,0,43.74613481215963
Superbloom,78.39182550332904,0,0.27691557,810,1512,34,611,-0.09643816,FALSE,0,99.64799796432291,0,0.3520020356770891
Rise,59384.80707039896,0,179092.51793951303,111709,3824610,1939,186722,1.0716031015326792,TRUE,0,24.901657659876346,0,75.09834234012365
Bitsrent,0,0,0,0,0,0,0,0,FALSE,0,0,0,0
Cryptocoin Insurance,0,0,0,0,0,0,0,0,FALSE,0,0,0,0
Job.com,4.728294396089522,0,4.6376716460781156,990,243,27,636,-9.15E-05,FALSE,0,50.48378752177513,0,49.516212478224865
Bionic,22.642722870868603,0,320.05849657452103,1170,4289,30,1103,0.2542015159860277,TRUE,0,6.6071322732707065,0,93.39286772672929
Renaissance Engineering,149.9736002255666,0,49.13965651539668,5237,5726,108,8138,-0.019254142,FALSE,0,75.32075095365198,0,24.67924904634803
Cubiex,0,0,0,805,0,11,963,0,FALSE,0,0,0,0
Qredit,85.97526624331175,0,293.2186709,1550,6949,37,759,0.13370542237773309,TRUE,0,22.673164788573352,0,77.32683521142664
DigitalBits,6.007197567101956,0,1.643728484771105,883,73,21,484,-0.004941641,FALSE,0,78.51595383844162,0,21.484046161558386
IUNO,74.83732786882956,0,158.84923683781307,558,5345,31,322,0.15055897664692383,TRUE,0,32.02466002389836,0,67.97533997610164
eMusic,15.363310723115939,0,28.362665071314158,1247,530,14,3464,0.010424502284040273,FALSE,0,35.135432529496455,0,64.86456747050354
Restart Energy,5.332086068068439,0,3.6182556824488814,460,585,15,378,-0.003725718,FALSE,0,59.574105846408045,0,40.425894153591955
Infinitus,4059.272848250846,0,1967.804117770017,3183,69365,102,2341,-0.657074688,FALSE,0,67.35060579342193,0,32.64939420657807
Lampix,4.6102122724284005,0,0.34206349545579284,730,160,18,898,-0.005846779,FALSE,0,93.09280194624671,0,6.907198054
Magnetics,3300.503702646569,0,8153.944986530485,4237,90066,102,3658,1.1454900363190739,TRUE,0,28.81416463,0,71.18583537097591
AORA,2.3272270003385223,0,0,282,19,7,188,-0.008252578,FALSE,0,100,0,0
Sportsfix,1.4900260980406286,0,0.41698262488502225,82,50,4,55,-0.013085896,FALSE,0,78.13420463828265,0,21.865795361717353
Qlear Protocol,94.77837722947015,0,0.31572423815373796,559,3439,20,480,-0.168985068,FALSE,0,99.66798756885964,0,0.33201243114035905
MorLabs,0,0,0,0,0,0,0,0,FALSE,0,0,0,0
WooshCoin,0.040545824,0,0.044071129786215746,134,2,2,32,2.630824872366518e-05,FALSE,0,47.916903674629964,0,52.083096325370036
Coinbates,410.38260106042327,0,114.4104068260219,2779,16007,88,2195,-0.106503129,FALSE,0,78.19894604030662,0,21.80105395969339
ONO,125433.72931106566,0,584916.3086906449,220687,7528467,3690,370676,2.082055487543803,TRUE,0,17.658016836871575,0,82.34198316312843
Triphop,6567.835663523792,0,10379.000369258916,4768,1096601,162,3823,0.7993214567397491,TRUE,0,38.75552729027814,0,61.244472709721855
Neironix,1.0238564596058413,0,0.6245347037168497,162,34,4,136,-0.002464949,FALSE,0,62.11246956347642,0,37.88753043652358
PowerChain,83.59735451506809,0,210.41284142589086,3272,3656,77,3198,0.038757789,FALSE,0,28.433488249453603,0,71.56651175
Xenia,2.7006178934029883,0,17.217046886354503,398,525,5,1097,0.03647344,FALSE,0,13.55890825187324,0,86.44109174812677
Your Data Safe,76.17061663,0,0,320,2060,12,189,-0.238033177,FALSE,0,100,0,0
Pigzbe,26.371250090931042,0,22.183797271930867,2625,2526,74,2192,-0.00159522,FALSE,0,54.31206748,0,45.68793251532999
Balehu Protocol,0.11253407281598815,0,0,210,6,4,266,-0.000535877,FALSE,0,100,0,0
Storiqa,1.039585981692853,0,0.7359400817975884,644,96,18,716,-0.0004715,FALSE,0,58.55087137663128,0,41.44912862336872
Centaure,0.6466310862256859,0,0,215,23,4,313,-0.003007586,FALSE,0,100,0,0
Loopring,32783.28876839173,0,23992.660934517186,20948,719461,583,25520,-0.419640435,FALSE,0,57.74150664,0,42.258493358655215
AI Crypto,3.369268873109171,0,36.05246154220319,391,262,10,347,0.083588728,FALSE,0,8.546730033444867,0,91.45326996655514
SPIN Protocol,0.15625967016411688,0,0.030531478,78,3,2,65,-0.0016119,FALSE,0,83.65475101765533,0,16.345248982344682
Social Media Pay,257.96063019005663,0,263.8980719,3381,5173,101,1991,0.00175612,FALSE,0,49.43112553947347,0,50.56887446052654
ABBC foundation,0.60565534,0,0,168,5,5,8,-0.003605091,FALSE,0,100,0,0
REDi,102407.1959030648,0,640498.582,182005,5340328,3015,266702,2.9564648561088664,TRUE,0,13.784681576541601,0,86.21531842
LogisticsX,0.4071643246462753,0,0.2820813679036508,81,26,3,42,-0.001544234,FALSE,0,59.073901955039354,0,40.92609804496065
FasTrader,2.404573638616416,0,0.29706290568288063,170,54,3,149,-0.012397122,FALSE,0,89.00433494,0,10.99566506492929
TokenBacon,0.055921985,0,0.047790052,149,2,2,932,-5.46E-05,FALSE,0,53.920438564424224,0,46.07956143557577
SUAPP,873.2827886368515,0,14.39848850242138,453,23993,30,191,-1.895991833,FALSE,0,98.37796640830103,0,1.6220335916989637
DISTRICTS,5091.715297269059,0,5937.965651,732,65036,9,1580,1.156079718645834,TRUE,0,46.163758688971086,0,53.83624131102891
ECTA,11565.476760052437,0,15391.047751891638,22733,396633,327,38512,0.16828271639639292,TRUE,0,42.904183567610616,0,57.09581643238939
Silent Notary,2.2387840009219824,0,2.155197124167672,589,125,21,215,-0.000141913,FALSE,0,50.951151977838826,0,49.04884802216117
Centive,7541.8708780401785,0,43549.79827671507,32257,613556,438,75378,1.116282586684282,TRUE,0,14.761449376797733,0,85.23855062320227
PingPaid,1.2470442809391664,0,1.4827906547779428,170,63,5,341,0.001386743,FALSE,0,45.682039768150894,0,54.31796023184909
Becent,215.52100050174832,0,128.6508409567849,1102,8204,23,1206,-0.078829546,FALSE,0,62.62017240818201,0,37.37982759
XTribe,67.41911256414711,0,7.682460675613347,988,712,26,960,-0.060462198,FALSE,0,89.77057291318357,0,10.229427086816447
INLOCK,519.7031660147683,0,87.32426808833424,772,17705,33,1451,-0.560076293,FALSE,0,85.61444455680032,0,14.385555443199685
Krypti,131.44033361825495,0,1545.3320527384124,4348,44625,105,4060,0.32518208811411164,TRUE,0,7.838889445445352,0,92.16111055455465
ASOBI COIN,0,0,0.065689956,105,3,3,82,0.000625619,FALSE,0,0,0,100
Borneo,12.067784404532084,0,0.6380708719974377,201,162,7,57,-0.056864246,FALSE,0,94.97813521317141,0,5.021864786828584
Nerves Foundation,0,0,0,0,0,0,0,0,FALSE,0,0,0,0
Tatau,0,0,0,65,18,2,45,0,FALSE,0,0,0,0
Aenco,41.09358054674004,0,10.01293131030432,1649,1905,42,1142,-0.01884818,FALSE,0,80.40771919963431,0,19.592280800365693
CyberVein,3.226394494,0,9.483244592195053,934,1637,21,1695,0.006698983,FALSE,0,25.385413955686147,0,74.61458604431385
Karatcoin,3.807092760730347,0,0.32216058387457547,305,199,7,297,-0.011426007,FALSE,0,92.19809110779083,0,7.801908892209157
ArtPro,0.9532233800691524,0,0.15612973724660978,182,24,4,134,-0.004379635,FALSE,0,85.92605593,0,14.07394407
Penchant,91.45272158410734,0,930.8510823120763,2267,10446,63,1275,0.37026835497484295,TRUE,0,8.945747950419882,0,91.05425204958011
Parkade,1292.0588779359293,0,7486.308176,2969,171675,105,2796,2.0863082850199093,TRUE,0,14.718669998346186,0,85.28133000165383
NonZero,6633.015514359353,0,49309.39815935775,4382,222339,105,2175,9.739019317,TRUE,0,11.85686329704376,0,88.14313670295624
Cardonio,0.5120331315148222,0,0.18739183021318306,292,21,5,168,-0.001111785,FALSE,0,73.20772913934739,0,26.792270860652618
Sansox,0,0,0,0,0,0,0,0,FALSE,0,0,0,0
Swachhcoin,13.023203366665305,0,7.722308569744399,1447,771,38,1096,-0.003663369,FALSE,0,62.77600382475376,0,37.223996175246235
Shopin,58.72567030881368,0,100.93085925559913,2119,3402,74,1470,0.019917503042371613,FALSE,0,36.782504585959344,0,63.217495414040656
Blockkonnect,0.1641103395091716,0,0,31,10,2,21,-0.005293882,FALSE,0,100,0,0
dClinic,3.027161504854335,0,0.8434262642755195,869,127,17,983,-0.002512929,FALSE,0,78.20934921041386,0,21.790650789586145
X-Cash,31.327548352842282,0,58.47110386526069,5775,1729,132,6366,0.004700183,FALSE,0,34.88643491,0,65.11356509365649
Vibeo,0.033189642,0,0,49,101,2,34,-0.00067734,FALSE,0,100,0,0
Masternode Invest,0.5633301911289749,0,2.9149475262353297,278,120,10,233,0.008459055,FALSE,0,16.195664547333593,0,83.80433545266641
Topex,8.154830861844742,0,15.722080326264807,2062,651,48,1720,0.003669859,FALSE,0,34.15362564109952,0,65.84637435890048
Berminal,0,0,0.16399249155099488,60,7,2,22,0.002733208,FALSE,0,0,0,100
Expanse,2097.1985405499863,0,1041.6793905934603,909,46772,14,1708,-1.161187184,FALSE,0,66.81363807562941,0,33.18636192
Osmium Investment Coin,0.9495497134387629,0,1.2625616238389095,300,54,10,240,0.001043373,FALSE,0,42.925041675674564,0,57.07495832432542
AURA,6637.076927499422,0,18698.992353210928,16664,230359,311,17707,0.7238307384608441,TRUE,0,26.196158740979484,0,73.80384125902052
WMpro,0,0,0,83,6,1,130,0,FALSE,0,0,0,0
Securix,5.054273781365447,0,2.2248570985482274,2579,735,79,2027,-0.001097098,FALSE,0,69.43512714289028,0,30.56487285710973
UDAP,15.300319889348016,0,0.10637974037843592,206,163,4,287,-0.073756991,FALSE,0,99.30952285086948,0,0.6904771491305092
Olife,32.58315499402897,0,649.1376168002338,1044,28306,12,1091,0.5905694078603494,TRUE,0,4.779545576742714,0,95.22045442325728
Curaizon,0.045285269,0,0,142,12,5,117,-0.00031891,FALSE,0,100,0,0
ODIN,9999.963121,0,27849.23842839676,19057,407152,334,25006,0.9366256655187234,TRUE,0,26.420539169523927,0,73.57946083047608
Contents Protocol,0.020996023,0,0,75,16,4,49,-0.000279947,FALSE,0,100,0,0
Beverage Cash,0,0,0,0,0,0,0,0,FALSE,0,0,0,0
XMax,214.1978907028983,0,21.975780230333317,2131,6622,72,1559,-0.090202774,FALSE,0,90.69507615158928,0,9.304923848410716
Scienceroot,0.11026256573126182,0,0,45,3,1,158,-0.002450279,FALSE,0,100,0,0
Spheroid Universe,27.928419725223158,0,39.722222024813526,1306,1680,32,874,0.009030476,FALSE,0,41.283303458400695,0,58.71669654159931
X-Block,781.3928505540852,0,98.67103178402905,1318,20410,41,1114,-0.517998345,FALSE,0,88.78819666,0,11.211803343398694
Buying,45787.880053335444,0,197044.82926293035,125585,3396228,2266,160144,1.2044189131631555,TRUE,0,18.85573001357952,0,81.14426998642048
One Game,3353.6262073184944,0,4696.8364726206255,1449,75039,23,5992,0.9269912113886343,TRUE,0,41.65755858573654,0,58.34244141426347
WOM Token,2.171724747939013,0,0.089649722,203,56,4,159,-0.010256527,FALSE,0,96.03560918,0,3.964390816798602
Caspian,0.11079550050280548,0,0.22872190863870143,138,20,4,161,0.000854539,FALSE,0,32.633231027227595,0,67.36676897
iLink2Music,0.030465187266687677,0,0,41,1,1,33,-0.000743053,FALSE,0,100,0,0
Natmin Pure Escrow,2.2962644213401733,0,0.1428778313066317,282,88,11,173,-0.007636123,FALSE,0,94.14229198188052,0,5.857708018119467
Kineticex,0,0,0,0,0,0,0,0,FALSE,0,0,0,0
Zwoop,13627.716181108846,0,4078.2796003826943,4457,401879,101,4594,-2.142570469,FALSE,0,76.96667473147257,0,23.033325268527445
INDX Capital,0.6073393311445965,0,0,77,27,3,32,-0.007887524,FALSE,0,100,0,0
PayX,0,0,0,0,0,0,0,0,FALSE,0,0,0,0
Skynet,239.8734733420578,0,500.2848404569151,2275,9847,50,1943,0.11446653499554166,TRUE,0,32.408400861009234,0,67.59159913899076
LoveBlock,0.9849965141480229,0,0.5756555623318775,771,12,12,1134,-0.000530922,FALSE,0,63.114420503621375,0,36.88557949637863
TTC PROTOCOL,14.02767764,0,2.2175496838672824,2022,599,67,1328,-0.005840815,FALSE,0,86.34953122354018,0,13.650468776459816
Bithereum,371.49674373218255,0,32.31308273208712,914,9746,26,475,-0.371098097,FALSE,0,91.99794542,0,8.002054584708397
MOAC,45.442332278773435,0,6.196107029050922,1659,3389,63,1338,-0.023656555,FALSE,0,88.00097928577001,0,11.999020714229983
Bitfam,0.078583286,0,0.9919392556810569,722,28,14,377,0.001265036,FALSE,0,7.340647446676626,0,92.65935255332339
Republia,0,0,0,7,0,1,1,0,FALSE,0,0,0,0
FUNKEYpay,0,0,0,0,0,0,0,0,FALSE,0,0,0,0
Papusha,65.85929724914692,0,77.66766013815538,611,3057,20,482,0.019326289507378826,FALSE,0,45.88636061686167,0,54.11363938313832
iTrue,8.225236361968676,0,18.105623392294177,1158,403,25,1192,0.008532286,FALSE,0,31.238009084139556,0,68.76199091586045
Beam,1556.7241584628603,0,2053.928476305189,2295,81815,41,4875,0.2166467615870714,TRUE,0,43.11475835345389,0,56.88524164654613
KiMex,7.587028537281313,0,1.8978969303116626,349,134,11,274,-0.016301237,FALSE,0,79.99038646327602,0,20.00961353672396
Twogap,0.026636503074948314,0,0.011400407966675534,65,1,1,57,-0.000234401,FALSE,0,70.02803946356198,0,29.971960536438015
LATTICE80,690.9106667797435,0,151.67238479212446,1598,23816,52,1186,-0.337445733,FALSE,0,81.99911753397194,0,18.000882466028052
Florafic,0,0,0,0,0,0,0,0,FALSE,0,0,0,0
BitMart,8324.068321853109,0,52491.04981,6555,612966,192,4124,6.737907168619465,TRUE,0,13.68749840049793,0,86.31250159950207
Efforce,5.680472854,0,5.454393791029668,1230,240,34,850,-0.000183804,FALSE,0,51.015185318805464,0,48.98481468119454
Spiking,1135.2538018764158,0,488.5026053,2142,23495,56,2210,-0.301938,FALSE,0,69.91527774071737,0,30.08472225928262
Bidooh,3.854800202121769,0,2.261323395,1160,174,26,1209,-0.001373687,FALSE,0,63.02685256584811,0,36.97314743415188
imusify,436.88486090884004,0,65.05843317,869,13154,37,681,-0.427878513,FALSE,0,87.03868864455335,0,12.961311355446654
ICOVO,18.33173310487281,0,12.889244041838921,209,289,7,152,-0.026040618,FALSE,0,58.71607739478952,0,41.28392260521048
Cloudbric,3.8669565499047898,0,13.179110355164125,1116,1061,18,1540,0.008344224,FALSE,0,22.685330120081186,0,77.31466987991881
Tachain,18.52419727559457,0,62.82989576509703,1795,995,56,2497,0.024682840384123935,FALSE,0,22.769840561468936,0,77.23015943853106
WorkChain,0,0,0,0,0,0,0,0,FALSE,0,0,0,0
BrokerNekoNetwork,0,0,0,0,0,0,0,0,FALSE,0,0,0,0
SUBAJ,2.2467918183396876,0,5.696595021542202,102,199,10,55,0.033821600031397205,FALSE,0,28.285061065628465,0,71.71493893437155
Scanetchain,2.197752920668364,0,2.883062486754917,659,360,10,332,0.001039923,FALSE,0,43.255909621462656,0,56.74409037853735
Payperblock,0.10207323812707556,0,0,31,3,1,26,-0.003292685,FALSE,0,100,0,0
Greenlink,449.0343440684505,0,917.0471605526876,4077,44348,81,5293,0.11479343058234906,TRUE,0,32.870245483118765,0,67.12975451688123
55 Exchange,0.12349511355888554,0,0.2788761708794571,41,22,2,25,0.003789782,FALSE,0,30.691830738187107,0,69.30816926181289
Finnoq,0.6048267875581648,0,3.0975405086639825,266,206,7,216,0.009371104,FALSE,0,16.33621786188861,0,83.66378214
Platio,408.4214406169207,0,5241.392423961375,4119,33477,122,3493,1.1733359998408486,TRUE,0,7.228936216421802,0,92.77106378
DX.Exchange,867.2029048459967,0,456.33978179063695,6030,41556,219,3842,-0.068136505,FALSE,0,65.52134008233004,0,34.478659917669944
BCoin,530.9122556570724,0,5700.083356555355,1044,70451,20,3368,4.951313315036669,TRUE,0,8.520504405692598,0,91.47949559
Skrumble Network,0.11657537285534957,0,0.058480726,210,9,5,257,-0.000276641,FALSE,0,66.59315130011822,0,33.40684869988177
EtherInc,0.064701919,0,0,52,3,1,23,-0.001244268,FALSE,0,100,0,0
MyOS,0.070836611,0,0,171,4,2,320,-0.000414249,FALSE,0,100,0,0
EurekaPro,0,0,0,0,0,0,0,0,FALSE,0,0,0,0
Avatara,689.8893512753708,0,281.7611115283182,1314,32051,64,813,-0.310599878,FALSE,0,71.00180339385636,0,28.99819660614363
ODYSSEY,699.9989394215819,0,2076.1277156550277,1214,43785,24,2560,1.1335492390720312,TRUE,0,25.214949690480342,0,74.78505030951966
Rate3,1.2230318074525663,0,0.11719957630040176,98,36,6,74,-0.011284002,FALSE,0,91.25527295352427,0,8.744727046475733
Bouncy Coin,34.06171170956579,0,27.83738395883509,1006,5272,37,892,-0.006187205,FALSE,0,55.027801847118255,0,44.97219815288175
AgentMile,0.4013124236825555,0,0.29926977119086406,198,11,4,214,-0.000515367,FALSE,0,57.282703816796854,0,42.717296183203146
Hirefreehands,2046.297719440504,0,406.42299770458686,1442,56912,44,660,-1.137222415,FALSE,0,83.42970747,0,16.570292527135077
Denarii Cash,0.041122397,0,0.072070544,202,3,3,136,0.000153209,FALSE,0,36.32947144,0,63.67052856
WebDollar,1.1883880967579166,0,1.2433230994614972,1224,68,35,1170,4.488153815652014e-05,FALSE,0,48.870445577809804,0,51.12955442219018
WeBuy,81.11056087835726,0,82.59154678319453,2112,1551,59,3880,0.000701224,FALSE,0,49.54765827,0,50.45234173401699
MECA Coin,1.553936288048304,0,2.3421668988961932,313,239,9,261,0.002518309,FALSE,0,39.884371986229965,0,60.11562801377003
ABELE GROUP,0,0,0,0,0,0,0,0,FALSE,0,0,0,0
AGATE,1673.5130492492772,0,10197.92964819165,2513,194844,33,8920,3.3921275761808087,TRUE,0,14.096964386729752,0,85.90303561327025
Kronos Token,9.628933697,0,7.053330019793467,70,572,10,42,-0.036794338,FALSE,0,57.71958686450526,0,42.28041313549473
Wandx,8.414490144019785,0,3.8304519000773065,1972,648,45,1701,-0.002324563,FALSE,0,68.71808877263041,0,31.28191122736958
Envoy,13.884011569796643,0,312.5657897563297,1054,766,24,1083,0.28337929619215657,TRUE,0,4.253031098011418,0,95.74696890198858
iRide,42.05609808358822,0,14.354804804923297,114,633,5,90,-0.242993801,FALSE,0,74.55313765621938,0,25.44686234378063
Synthetics AI,0.27764635997808346,0,0,312,7,6,246,-0.000889892,FALSE,0,100,0,0
Symphony,4.701781933004771,0,0,140,100,3,105,-0.033584157,FALSE,0,100,0,0
Margin,29119.064461641694,0,189808.09969591632,49859,3086344,1039,50363,3.2228691958176987,TRUE,0,13.300800096549562,0,86.69919990345043
GSC Aviation,1.6677213634388246,0,0,120,34,2,151,-0.013897678,FALSE,0,100,0,0
Share Internet Data,0.028535255,0,0.16819328020181368,45,7,2,19,0.003103512,FALSE,0,14.504888539749889,0,85.49511146
MetaHash,0.063920165,0,0.12831397875307757,114,4,6,62,0.000564858,FALSE,0,33.25120282,0,66.74879717595181
HyperQuant,0.9391558220208134,0,1.8696184784847407,231,144,8,164,0.004027977,FALSE,0,33.43650010795719,0,66.56349989204281
Kheper,101.51658907118033,0,28.25079380256125,1290,5133,37,1462,-0.05679519,FALSE,0,78.22966513,0,21.77033487
Opporty,1.0647512271787243,0,0,154,26,6,62,-0.006913969,FALSE,0,100,0,0
Blackbox Foundation,0,0,0,54,0,2,22,0,FALSE,0,0,0,0
MedChain,6.469125427379579,0,0,52,501,6,16,-0.124406258,FALSE,0,100,0,0
VIDDO,4316.829164497219,0,1889.4291591096783,5462,35463,123,8509,-0.444415966,FALSE,0,69.55606646402697,0,30.443933535973038
GreenHashes,1.523373134297096,0,15.707756757359748,807,136,12,901,0.017576683547785195,FALSE,0,8.840819748185517,0,91.15918025181448
Pearl Pay,148.81202842295482,0,1470.9545112852975,1551,6971,53,998,0.8524451855978998,TRUE,0,9.187251667,0,90.81274833287034
High Performance Blockchain,65.74351118091649,0,57.88248551640723,3056,8502,79,2175,-0.002572325,FALSE,0,53.17935785130841,0,46.82064215
Conference Coin,0.038128409,0,0.5757047668078721,367,18,12,255,0.001464786,FALSE,0,6.211526265,0,93.78847373466263
YondoCoin,0.033855537,0,0.030496982260395114,30,2,2,10,-0.000111952,FALSE,0,52.60949757071596,0,47.39050242928403
Kvantor,0.16862474419479728,0,0.8951360389403538,399,41,18,267,0.00182083,FALSE,0,15.851754160161915,0,84.14824583983808
Jupiter Chain,0,0,0,54,1,1,84,0,FALSE,0,0,0,0
ZeroState,0,0,0,13,1,1,1,0,FALSE,0,0,0,0
MapCoin,0.35686707487454644,0,2.225426796186988,418,72,15,289,0.004470239,FALSE,0,13.81977004529871,0,86.18022995470129
EyeGlob.Net,9.424103287,0,0.3965234815423992,2073,443,67,1586,-0.004354838,FALSE,0,95.96234037930977,0,4.037659620690243
Crypviser,0.067994925,0,0.042862469839942824,246,2,11,199,-0.000102164,FALSE,0,61.33548880089681,0,38.66451119910319
MARAChain,8.447362561047365,0,1.603911773302879,668,318,17,249,-0.010244687,FALSE,0,84.04270224899236,0,15.957297751007632
NextPakk,276.55749408607704,0,2.460304308,711,8150,52,444,-0.385509409,FALSE,0,99.11822675044634,0,0.8817732495536517
Distributed Blocks,0,0,0.3494745067893767,319,49,7,256,0.001095531,FALSE,0,0,0,100
Fieldcoin,0.044405852,0,0.012105916913196853,39,2,2,21,-0.000828203,FALSE,0,78.57806051401876,0,21.42193948598124
VEIAG,0.11192901396432295,0,0.5621833701137005,420,8,9,356,0.001072034,FALSE,0,16.603910061288534,0,83.39608993871146
LockTrip,1.262228220949279,0,4.973474909833538,1011,138,26,857,0.003670867,FALSE,0,20.241954988495767,0,79.75804501150424
ZINC,493.18893976712314,0,137.50459938419812,786,13441,14,715,-0.452524606,FALSE,0,78.19787411026469,0,21.80212588973531
Spl.yt,0.5765615501055122,0,0.17846759388502242,334,22,9,274,-0.001191898,FALSE,0,76.36282052,0,23.63717948
SilkChain,2.2791701579178834,0,0.16479448724631998,230,105,23,111,-0.009192938,FALSE,0,93.25708383006302,0,6.74291617
unitalent,0.060454181155943774,0,0,7,2,1,2,-0.008636312,FALSE,0,100,0,0
CareerChain,0,0,0,0,0,0,0,0,FALSE,0,0,0,0
CraftR,20.400735420604196,0,113.62766303703827,515,4810,13,411,0.18102316042026034,TRUE,0,15.221203607123247,0,84.77879639287674
Thingschain,0,0,0,0,0,0,0,0,FALSE,0,0,0,0
Hashgard,7.5162064951006275,0,6.792050078326666,236,329,3,203,-0.003068459,FALSE,0,52.53055434482086,0,47.469445655179136
Daviescoin,0,0,0,0,0,0,0,0,FALSE,0,0,0,0
Contractium,11.498679628107212,0,0.3376697649286045,418,311,16,321,-0.026700981,FALSE,0,97.14717981266014,0,2.852820187339858
MOBU,6521.099572290658,0,12378.33710621807,3639,424878,99,3484,1.609573381,TRUE,0,34.50420075062898,0,65.49579924937102
Philanthor,0.42743692688969476,0,0.4141250427164328,166,28,2,390,-8.02E-05,FALSE,0,50.79090338287816,0,49.20909661712184
Medipedia,0.019276185347932136,0,0.013214924055859107,91,3,3,99,-6.66E-05,FALSE,0,59.32756899,0,40.67243101
TLPAC,0.2009957704864533,0,0.12732984609724424,734,10,15,585,-0.000100362,FALSE,0,61.218424738788244,0,38.78157526121176
Sports Ledger,0,0,0,0,0,0,0,0,FALSE,0,0,0,0
Real Estate Doc,43.50567235,0,10.791368314198085,753,398,12,735,-0.043445291,FALSE,0,80.12531036236858,0,19.87468963763142
CAREONchain,1.5950213314519472,0,0,171,40,4,151,-0.00932761,FALSE,0,100,0,0
Project H,3384.024656393735,0,1091.7670773071632,10438,45328,218,9958,-0.219606973,FALSE,0,75.60728598950215,0,24.392714010497837
DREAM & INDORSE,0,0,0,0,0,0,0,0,FALSE,0,0,0,0
BuratinoBS,0,0,0,0,0,0,0,0,FALSE,0,0,0,0
OpenBrix,0,0,0.2008800052341174,163,6,3,293,0.001232393,FALSE,0,0,0,100
VU Token,12.271205721514029,0,0.9856580820319607,686,287,15,515,-0.016451236,FALSE,0,92.56492261941838,0,7.435077380581625
BolieCoin,0.35058042164303443,0,0.11389047119705902,80,14,5,40,-0.002958624,FALSE,0,75.47952456166745,0,24.52047543833255
CampusCoin,0.13678572742624412,0,0.3550306683329403,364,21,9,417,0.000599574,FALSE,0,27.812356116167507,0,72.18764388
RIPAEX,0.081749629,0,3.427641680037227,331,186,12,175,0.010108435198704035,FALSE,0,2.329453231660785,0,97.67054676833921
BlockVest,0,0,24.05707900648686,1299,663,17,1388,0.018519691305994502,FALSE,0,0,0,100
NeoPlace,14.533526985237513,0,2.253777850334018,220,104,12,122,-0.055817042,FALSE,0,86.57451049,0,13.425489513708989
INTRO,30472.82408926556,0,80682.72547261487,106990,1631305,2479,145156,0.46929527416907474,TRUE,0,27.41457732823434,0,72.58542267176566
GStar Ecosystem,6.038485677330254,0,1.2667540684800551,333,157,10,242,-0.014329524,FALSE,0,82.65965098261748,0,17.34034901738252
Everipedia,2.3309021501389577,0,18.782677878665897,312,541,9,536,0.05273005,FALSE,0,11.039824354557362,0,88.96017564544265
ZeroBank,0.053027385,0,0.016201022462766678,92,2,2,80,-0.000400287,FALSE,0,76.59772459467449,0,23.40227540532551
Vidy,0.1650856795000627,0,0.15998719943032155,309,12,6,238,-1.65E-05,FALSE,0,50.78420569666056,0,49.215794303339436
Attrace,65.99716731698348,0,39.825330866728905,825,1734,10,408,-0.031723438,FALSE,0,62.36591315620764,0,37.63408684379235
SVPER,2.954231614505759,0,1.6144898140443427,1012,56,56,515,-0.001323856,FALSE,0,64.66210866,0,35.33789133991271
RockerCoin,0,0,0,0,0,0,0,0,FALSE,0,0,0,0
Rays Network,0,0,0,0,0,0,0,0,FALSE,0,0,0,0
Tokenize,26181.300051816914,0,7641.532174654772,11850,353326,242,11371,-1.564537374,FALSE,0,77.40717831230565,0,22.592821687694357
Dream Real,5122.151569604088,0,1137.8871157122248,342,40340,20,338,-11.64989606,FALSE,0,81.82300185,0,18.176998145095787
Asian Develop Coin,0.043108099,0,0,18,2,1,14,-0.002394894,FALSE,0,100,0,0
AIRSTAYZ,0.012275723199690542,0,0.012463814308566431,2,1,1,1,9.40455544379444e-05,FALSE,0,49.619857265292225,0,50.380142734707775
YINC,39.97929845671992,0,27.977333958310332,130,1636,4,99,-0.092322804,FALSE,0,58.83060569063387,0,41.16939430936615
BLOXIA,1.7175665897811399,0,5.129406566861913,472,173,30,227,0.007228475,FALSE,0,25.08504926902958,0,74.91495073097042
Color,31226.004309796917,0,138342.73406234648,32535,1571242,690,37741,3.292353765254328,TRUE,0,18.414953492940946,0,81.58504650705905
Watermelonblock,1.621152309189367,0,1.0363344017688587,873,112,27,530,-0.000669895,FALSE,0,61.00321414607633,0,38.99678585392367
Hurtle Coin,0.035732476,0,0.042241455,92,2,2,82,7.074977826879785e-05,FALSE,0,45.82618221988003,0,54.17381778011996
BIGBANG,12551.863460508843,0,56685.10332699962,6623,514948,174,6185,6.663632774647557,TRUE,0,18.12884654,0,81.87115345617161
Starflow,2584.728799,0,983.9841339,1679,70756,82,1061,-0.953391701,FALSE,0,72.42747869,0,27.57252131
MYTC,0.4878647797840906,0,0.18359797312825177,61,22,4,34,-0.00498798,FALSE,0,72.65701301644351,0,27.34298698355648
Aniko,770.8359981402056,0,1991.224762511929,4551,32514,143,5039,0.2681583749443471,TRUE,0,27.908002934671426,0,72.09199706532858
W Green Pay,10.950135324483156,0,7.386656462,494,810,17,692,-0.00721352,FALSE,0,59.71674572024352,0,40.28325427975647
GUARIUM,0.097674727,0,0.013066240910197695,141,4,5,105,-0.00060006,FALSE,0,88.20107752010804,0,11.798922479891965
Prime Shipping Foundation,0,0,0,0,0,0,0,0,FALSE,0,0,0,0
Propy,28.30725774105063,0,17.841610514891507,2537,182,62,2505,-0.004125206,FALSE,0,61.33900745747061,0,38.66099254
Easy Trading Platform,0,0,0,0,0,0,0,0,FALSE,0,0,0,0
DNeT,46.675413045842866,0,82.42530678512948,1247,1560,21,2252,0.028668719919235454,FALSE,0,36.154262429329265,0,63.84573757067075
Meritt protocol,11.282729474547676,0,0,64,327,6,30,-0.176292648,FALSE,0,100,0,0
STAR BIT,0,0,0,0,0,0,0,0,FALSE,0,0,0,0
MulTra,31.02371097450545,0,6.888678744745603,1177,1178,34,1174,-0.02050555,FALSE,0,81.83000650774676,0,18.16999349225324
Expercoin,1.4359732763847253,0,4.177939258805033,156,191,10,127,0.017576705,FALSE,0,25.578832363055103,0,74.42116763694489
Kava,5357.716994942379,0,2176.6849122942085,1331,58768,29,1508,-2.389956486,FALSE,0,71.11005041815513,0,28.88994958184487
Bytemine,3.240602799257787,0,0.7070739442488337,256,97,12,175,-0.009896597,FALSE,0,82.08885908878248,0,17.911140911217515
UNICO,17134.98946863013,0,27983.308076340192,7851,3245690,200,8378,1.3817753926518994,TRUE,0,37.977916723367805,0,62.02208327663219
Diro,1.7492643607574934,0,0.30834443403469985,292,59,10,196,-0.004934657,FALSE,0,85.01442865,0,14.985571349379894
Gratzio,18.056569001931678,0,6.855062737857836,2123,861,41,2509,-0.005276263,FALSE,0,72.48248204107502,0,27.517517958924987
Bixtrim,0.16195531783130648,0,0.10084292902289801,168,9,9,115,-0.000363764,FALSE,0,61.627244386130265,0,38.37275561386974
Inmediate,0.985962717,0,5.553219061719173,517,68,17,160,0.008834152,FALSE,0,15.07776890897442,0,84.92223109102558
JSEcoin,0.1814603286286911,0,0.5191588797330836,240,33,12,177,0.001407077,FALSE,0,25.899993386277735,0,74.10000661372226
MediLOT,0,0,0,0,0,0,0,0,FALSE,0,0,0,0
PCHAIN,61.24920831072838,0,141.5659245085464,3469,7752,110,3377,0.023152699970544255,FALSE,0,30.199525774689874,0,69.80047422531014
HELIX Orange,2.535755031230407,0,1.5048634196146924,758,100,20,602,-0.001360015,FALSE,0,62.75660674419906,0,37.243393255800946
Shipit,0.031240740008243836,0,0.028840585,170,2,2,390,-1.41E-05,FALSE,0,51.997422158760784,0,48.002577841239216
Miracle Tele,1.0158432939118913,0,0.14221178467210344,269,32,10,189,-0.003247701,FALSE,0,87.71977367,0,12.280226329648508
Runs,5471.691071666492,0,16791.86041682034,23931,369540,332,44148,0.4730336945866803,TRUE,0,24.576901284128326,0,75.42309871587166
IGNITE,1557.5978294456474,0,2562.306305200319,5653,114618,149,6598,0.17773013899781914,TRUE,0,37.80665225550195,0,62.19334774449805
eLYQD,22.79932625962395,0,0.072578631,871,773,23,664,-0.026092707,FALSE,0,99.68267343191792,0,0.31732656808207327
Bailsman,0,0,0,97,1,1,94,0,FALSE,0,0,0,0
Lambda,485.61827330929384,0,1614.230842325726,4645,15967,74,5806,0.24297364241473243,TRUE,0,23.126341302024315,0,76.87365869797569
Rubius,3153.23382,0,38337.915568737946,3130,700435,119,2303,11.241112379890064,TRUE,0,7.599774569181022,0,92.40022543081898
Svandis,1.6587786596422924,0,0.031344892595183645,437,58,8,397,-0.003724105,FALSE,0,98.14540821269027,0,1.8545917873097264
AllSporter,0,0,0,25,0,1,23,0,FALSE,0,0,0,0
Playrs,0.7354515544920976,0,0,118,15,1,142,-0.00623264,FALSE,0,100,0,0
CoinAnalyst,0.5502204561456912,0,0.090544461,68,12,4,32,-0.006759941,FALSE,0,85.86931666926448,0,14.130683330735536
Spokkz,45.20520196192578,0,2.998090463533317,1150,2777,68,1015,-0.036701836,FALSE,0,93.78032015516466,0,6.219679844835334
Zantepay,117.69633421223928,0,228.20981715507565,526,6710,11,449,0.21010167859854825,TRUE,0,34.02551060367195,0,65.97448939632805
Cure Cosplay,71.15525426091375,0,79.70960720165357,97,560,5,72,0.088189206,FALSE,0,47.16489550389362,0,52.835104496106375
WAB Network,0.5425953021836765,0,0.2903958522766906,198,25,9,122,-0.001273735,FALSE,0,65.13818295407752,0,34.86181704592247
Liquid8,17.356159702840916,0,9.533699432215254,3198,501,100,2664,-0.002446048,FALSE,0,64.54537234899004,0,35.454627651009964
Fanship,6499.306246070788,0,388.4781099799149,4556,96195,110,4241,-1.341270443,FALSE,0,94.35989732113711,0,5.640102678862893
Inmusik,0.15328152774400514,0,0,188,10,4,167,-0.000815327,FALSE,0,100,0,0
CrowdToken,0.12396169711628231,0,0,8,3,2,3,-0.015495212,FALSE,0,100,0,0
OSA,161215.9832259704,0,140625.7416827144,49510,2279630,887,63967,-0.415880459,FALSE,0,53.410767936322436,0,46.58923206367756
moolyacoin,0.6695019874439523,0,0.4023570175023705,184,38,5,151,-0.001451875,FALSE,0,62.46175890246685,0,37.53824109753316
Hyperbridge,99.71180638630295,0,34.94264655511325,796,8655,32,408,-0.081368291,FALSE,0,74.05013663356854,0,25.949863366431458
TombCare,0,0,0,0,0,0,0,0,FALSE,0,0,0,0
Tuurnt,0,0,0.021680063970193786,3,2,1,2,0.007226688,FALSE,0,0,0,100
Usechain,2.983732647429126,0,0.44368350853921995,219,162,10,153,-0.011598398,FALSE,0,87.05486908070355,0,12.94513091929644
Storeplex,0,0,0,30,1,1,24,0,FALSE,0,0,0,0
ParcelX,1.080574923491872,0,0.254768733,124,102,6,82,-0.006659727,FALSE,0,80.92111110004151,0,19.078888899958475
APRES,1782.6439471794877,0,2062.1674870501265,4639,48186,93,5269,0.060255128,FALSE,0,46.364925242079565,0,53.63507475792044
Blockhive,0.5880837544501375,0,4.2035492183324195,614,183,12,429,0.00588838,FALSE,0,12.273138568637707,0,87.72686143
Creatanium,1206.817060259153,0,106.46123008907968,723,3906,31,413,-1.521930609,FALSE,0,91.89347521606787,0,8.106524783932132
TradeRiser,0,0,0,0,0,0,0,0,FALSE,0,0,0,0
RedCab,62.95494714140528,0,12.304899539091403,3679,2134,75,2373,-0.013767341,FALSE,0,83.65011346444827,0,16.34988653555173
Monopoly,3311.5630056125938,0,17415.121994883266,9762,278638,114,23413,1.4447407282596467,TRUE,0,15.9772921,0,84.0227079
Sharevest,0,0,0,0,0,0,0,0,FALSE,0,0,0,0
Explorio,0,0,0.20634944381466314,356,28,4,388,0.000579633,FALSE,0,0,0,100
EPIPHANY,1622.9774245120043,0,1170.2076053193296,5004,32855,93,5132,-0.090481579,FALSE,0,58.104902008944514,0,41.89509799105548
BUMO,55.91471407441081,0,10.883637747036904,192,1127,13,96,-0.234536856,FALSE,0,83.70672711187709,0,16.29327288812292
Barrel,8127.027767456143,0,14777.726185392949,10007,271951,209,8457,0.6646046185606881,TRUE,0,35.481838330095805,0,64.51816166990419
CryptoMillionsLotto,0.016965767268742125,0,0.042850581,48,2,2,38,0.000539267,FALSE,0,28.36309430856093,0,71.63690569143907
ImmVRse,0.4576386713893631,0,0.031850692,150,12,3,128,-0.002838587,FALSE,0,93.49307775,0,6.50692225
Atidium,0.9644340497028967,0,0.24840641518222878,338,49,8,235,-0.002118425,FALSE,0,79.51862405862616,0,20.481375941373845
DTO,1170.9763189100258,0,794.3496743,1687,25902,44,1882,-0.223252309,FALSE,0,59.58178556462877,0,40.41821443537125
Provoco,27.57738540054745,0,168.22805449490045,3523,1016,97,3165,0.039923551,FALSE,0,14.084075199990686,0,85.91592480000931
TraXion,4.772798584,0,0.3237441618452524,1571,225,43,1249,-0.002831989,FALSE,0,93.64776912487528,0,6.352230875124726
BitEsprit,8.052735934126082,0,1.6856078125965193,526,469,15,511,-0.012104806,FALSE,0,82.69102163123166,0,17.30897836876834
HEROIC.com,0,0,0,0,0,0,0,0,FALSE,0,0,0,0
Dench Music,0.8969539940284725,0,0.03789278,101,198,4,74,-0.008505557,FALSE,0,95.94663197425322,0,4.0533680257467815
Versara Trade,600.9295296205704,0,1.4185093298273173,843,16226,40,353,-0.711163725,FALSE,0,99.76450337046019,0,0.23549662953980816
MiBoodle,0,0,0,0,0,0,0,0,FALSE,0,0,0,0
HelloGold,7.842438478759053,0,2.870891956433344,1587,320,35,1928,-0.00313267,FALSE,0,73.20261916870685,0,26.797380831293165
ODMCoin,0,0,0,0,0,0,0,0,FALSE,0,0,0,0
Waves,8274.940715443096,0,17924.914408410765,9228,232381,230,15197,1.0457275349986637,TRUE,0,31.583917835900976,0,68.41608216409902
MEvU,19.46663502096319,0,6.000330959982386,1398,624,38,1303,-0.009632549,FALSE,0,76.43876791419974,0,23.561232085800263
Casper API,8.582861303508489,0,1.2907315185886554,1017,307,22,872,-0.007170236,FALSE,0,86.92743825023864,0,13.07256174976137
Lition,56.149262098138536,0,392.4245727792452,2720,11265,65,3609,0.12363062892687744,TRUE,0,12.517284275728379,0,87.48271572427161
SciDex,2.569723309203611,0,0.088073483,365,105,17,292,-0.006799041,FALSE,0,96.68622209211746,0,3.3137779078825464
Betform,7.048437091008002,0,0.8069813462841409,568,277,19,447,-0.010988478,FALSE,0,89.72707370427085,0,10.272926295729157
Yanu,2334.560321512678,0,1251.5832986645985,3125,16662,98,2613,-0.346552647,FALSE,0,65.09946529685479,0,34.90053470314521
Little Phil,294.8776387,0,458.5450233397416,3431,27957,102,2429,0.047702531,FALSE,0,39.138408433088564,0,60.86159156691144
Monoreto,0.032742012064976726,0,0,64,1,1,63,-0.000511594,FALSE,0,100,0,0
Grapevine World,0,0,0,0,0,0,0,0,FALSE,0,0,0,0
Blockonomics,0,0,4.025485413148999,111,87,3,51,0.036265634352693685,FALSE,0,0,0,100
Nauticus,17.974817234443627,0,2.348870902883678,1295,594,25,610,-0.012066368,FALSE,0,88.44269363408678,0,11.557306365913215
Further Network,432.5714150873794,0,6082.930922409341,4271,96763,85,3862,1.322959379,TRUE,0,6.6391107343777715,0,93.36088926562223
Breezecoin,0.495758952,0,0.11648082967756404,267,20,11,253,-0.001420517,FALSE,0,80.97463882217164,0,19.02536117782836
RAcoin,1871.6937971932766,0,15.395608505799594,972,17881,48,639,-1.909771799,FALSE,0,99.18416115000676,0,0.8158388499932392
TRESARO,0.4043545833853788,0,0.088839818,176,9,3,396,-0.001792698,FALSE,0,81.98685587877948,0,18.01314412122052
Wemark,18.319449944352204,0,205.02693512551753,2703,4646,41,1880,0.069074171,FALSE,0,8.202259435997277,0,91.79774056400272
Setteo,0.1116600275039673,0,0.2177107572555542,20,7,2,10,0.005302536,FALSE,0,33.90101146508545,0,66.09898853491455
ERN,457391.7858220377,0,2027378.6870851724,778924,41345005,12865,1014658,2.015584192120328,TRUE,0,18.407808319087277,0,81.59219168091272
Terawatt,284.13322477151223,0,3604.8778845217207,6174,79193,145,7418,0.5378595172902833,TRUE,0,7.3060533072930465,0,92.69394669270696
CryptovationX,0,0,0,0,0,0,0,0,FALSE,0,0,0,0
Feedchain,0.27052707099350365,0,0,427,13,13,213,-0.000633553,FALSE,0,100,0,0
Basis Neuro,0,0,0,0,0,0,0,0,FALSE,0,0,0,0
Staramba,11.904465715389748,0,1.5453103656474227,861,1026,24,905,-0.012031539,FALSE,0,88.51051232127088,0,11.489487678729127
re:factor,236.1073266264071,0,105.25309747948658,2800,7117,64,3368,-0.046733653,FALSE,0,69.16657876929636,0,30.833421230703635
GreenX,16.62161028865728,0,39.12042633586049,1108,450,42,1259,0.020305791,FALSE,0,29.81880694568374,0,70.18119305431625
FTW,21348.565599030113,0,49502.319790300986,79837,1718820,1169,110533,0.3526404322716394,TRUE,0,30.131684991257472,0,69.86831500874253
Atlantis Blue,4.7375139999543645,0,0,337,176,11,271,-0.014057905,FALSE,0,100,0,0
Parkres,0.44552566399773114,0,0.23045963251771945,240,27,10,243,-0.000896108,FALSE,0,65.90759685074718,0,34.09240314925282
LendsBay,0,0,0,0,0,0,0,0,FALSE,0,0,0,0
0xcert,4.1178221681347225,0,6.679069798839981,473,262,12,422,0.0054149,FALSE,0,38.13895869969086,0,61.86104130030914
Humanscape,0,0,0.23847675129255308,190,17,7,190,0.001255141,FALSE,0,0,0,100
CrowdIF,10.287797904349931,0,0.7658317909706878,168,300,13,80,-0.05667837,FALSE,0,93.07167136877318,0,6.928328631226814
VideoCoin,37.61687566803124,0,3.502508004,1301,828,50,915,-0.026221651,FALSE,0,91.48209994682419,0,8.517900053175808
Nebula,6356.491254,0,1763.5456012273753,11419,152060,212,8065,-0.402219603,FALSE,0,78.28155669,0,21.718443312234992
NeoNameService,3.9897279975477833,0,0.7085750807254838,552,162,9,1095,-0.005944118,FALSE,0,84.91848931580844,0,15.081510684191562
Sparkster,46.00388024521269,0,120.13853189400194,2275,4533,62,1751,0.032586660065401875,FALSE,0,27.68942598875052,0,72.31057401124949
Buddy,26424.926650790487,0,46332.694315244706,13752,924194,365,11943,1.4476270843843964,TRUE,0,36.31911860219592,0,63.68088139780408
CrypStock,1.9229996272523633,0,0.22884055077664558,335,42,6,192,-0.005057191,FALSE,0,89.36535561,0,10.634644390098408
Luvdub,55.81567756156071,0,37.145807517961885,941,3260,44,590,-0.019840457,FALSE,0,60.04172320807265,0,39.958276791927354
Aworker,0.095291303,0,0.2853471229238109,568,17,9,572,0.000334605,FALSE,0,25.034598787541263,0,74.96540121245874
QLC Chain,110.31139493220337,0,24.954848206969725,2472,2752,71,2723,-0.034529347,FALSE,0,81.55131123,0,18.448688769521095
Sponsy,0.6620433318419229,0,0,54,23,1,26,-0.012260062,FALSE,0,100,0,0
Menlo One,16.402606420320403,0,10.308312701945281,800,810,34,533,-0.007617867,FALSE,0,61.40786973761423,0,38.592130262385766
WeSend,0,0,0,0,0,0,0,0,FALSE,0,0,0,0
InsCoin,9.113916314217885,0,4.847959735693249,1645,617,52,1453,-0.002593287,FALSE,0,65.27716104653354,0,34.72283895346647
ExTrade,0.045768226,0,0.6783784608424622,63,5,3,45,0.010041432291571811,FALSE,0,6.320297706957854,0,93.67970229304214
MUXE,1.6861304490416362,0,0.48376934074229994,492,71,21,388,-0.002443823,FALSE,0,77.70545244,0,22.29454756481959
Lina,10211.69184668943,0,30460.921810972817,10695,378867,250,15509,1.8933361350428601,TRUE,0,25.107046064559135,0,74.89295393544087
Zoidcoin,3.2133180989351775,0,7.392190756955983,69,51,5,69,0.060563371855373985,FALSE,0,30.29857541583439,0,69.70142458416562
Origin Sport,80.94303444882576,0,0,101,4817,13,33,-0.801416183,FALSE,0,100,0,0
No BS Crypto,22.08474955912288,0,44.944832238360924,595,465,30,409,0.038420307023929484,FALSE,0,32.947765698206865,0,67.05223430179315
Cosmecoin,0.013243402211946373,0,0.011269621035135118,14,1,1,9,-0.000140984,FALSE,0,54.02598479370808,0,45.974015206291924
Railz,61.059925787205394,0,17.51820828251029,550,597,32,472,-0.079166759,FALSE,0,77.70600117970747,0,22.293998820292522
ContentBox,323.45327041441925,0,72.02218940466454,1892,15848,84,1490,-0.132891692,FALSE,0,81.78845548656491,0,18.21154451343509
rLoop,0,0,2419.090053887156,168,31846,2,629,14.399345558852119,TRUE,0,0,0,100
Bitney,136.95787819637488,0,260.42970696002527,3182,6988,86,2717,0.038803214570600375,FALSE,0,34.46455886196652,0,65.53544113803346
APIS,2317.888887594179,0,13631.926985423763,13777,347496,233,17566,0.8212265440828616,TRUE,0,14.532386493033538,0,85.46761350696646
XMED Chain,0,0,0,0,0,0,0,0,FALSE,0,0,0,0
IndiCoin,39.20998163836293,0,2.996068955927514,986,1055,48,595,-0.036728106,FALSE,0,92.90132833150511,0,7.098671668494888
Nobar,0.1835760765138271,0,0.3386371980640515,70,12,2,66,0.002215159,FALSE,0,35.15346802744864,0,64.84653197255138
Coinself,0.017004202855898626,0,0.7866371309931661,248,31,5,443,0.003103359,FALSE,0,2.1158945091159604,0,97.88410549088404
MAKEAFOLIO,0,0,0,0,0,0,0,0,FALSE,0,0,0,0
Iris.ai,0.19362349353150693,0,0,28,14,2,17,-0.006915125,FALSE,0,100,0,0
Deedcoin,1.766346089,0,23.646171675736593,344,887,16,222,0.063604144,FALSE,0,6.950692981022652,0,93.04930701897734
DAV,6886.053310188828,0,26081.046605033698,18803,630311,418,26437,1.0208473804629512,TRUE,0,20.887652623060116,0,79.11234737693988
Find.Exchange,211.53322319065785,0,215.5695029259382,1052,11629,49,1037,0.003836768,FALSE,0,49.527481389315874,0,50.472518610684126
INGOT Coin,216.9927793815016,0,99.81002699971485,1187,6269,74,683,-0.09872178,FALSE,0,68.49458875070347,0,31.50541124929652
Profede,4.616857014,0,0.9373519155514315,349,184,19,318,-0.010542995,FALSE,0,83.12357479671981,0,16.8764252
Box 2 Table,0,0,0,0,0,0,0,0,FALSE,0,0,0,0
GlobeCas,0.9186392852306305,0,0.5492926666967519,127,30,2,116,-0.002908241,FALSE,0,62.58050885972369,0,37.41949114027631
GOeureka,0.41563113970233745,0,0.18721018105478882,155,48,8,139,-0.001473684,FALSE,0,68.94536346319691,0,31.054636536803088
Xeeda,1.0330641748398084,0,0.5893232521927456,276,63,6,259,-0.001607757,FALSE,0,63.67555354699377,0,36.32444645300623
RecordsKeeper,0,0,0,0,0,0,0,0,FALSE,0,0,0,0
DATAVLT,0.072749428,0,0.014678885539372763,91,4,2,79,-0.000638138,FALSE,0,83.21037553,0,16.78962447
Jibbit,234.4794497375654,0,94.75738371711505,1288,1284,78,1053,-0.108479865,FALSE,0,71.21908180113802,0,28.780918198861986
Loyakk,0,0,0.10516987355690365,117,5,5,55,0.000898888,FALSE,0,0,0,100
AVINOC,796.2925326332712,0,52.73480218,545,27247,46,196,-1.364326111,FALSE,0,93.78879807296234,0,6.211201927037659
TokenUnion,0.3604163602284872,0,0.12500357181879104,56,8,8,40,-0.0042038,FALSE,0,74.24836444,0,25.75163555636939
Root Blockchain,21.542262024384865,0,0.051713971,203,526,4,225,-0.105864769,FALSE,0,99.76051667742104,0,0.2394833225789706
Ormeus Coin,3.7439307294757236,0,27.01565365661245,1536,236,52,1164,0.015150861280687973,FALSE,0,12.171590755202187,0,87.82840924479781
CryptoRiya,0,0,0,0,0,0,0,0,FALSE,0,0,0,0
Mjolnir Guard,0,0,0,0,0,0,0,0,FALSE,0,0,0,0
Daox,0.058114100725222856,0,2.7386940187092477,219,22,8,158,0.012240090949698742,FALSE,0,2.077872283,0,97.92212771689987
PavoCoin,0.076850819,0,0.03484741,203,5,4,236,-0.000206913,FALSE,0,68.80218228,0,31.19781772
Brainmab,0,0,0,0,0,0,0,0,FALSE,0,0,0,0
Viewo,2.5371506682844585,0,0.9170982548921829,408,102,20,453,-0.003970717,FALSE,0,73.45013994970608,0,26.549860050293915
FanFare,168.75518533769906,0,532.9538830412373,3058,15423,72,2771,0.11909702344785424,TRUE,0,24.049166947143974,0,75.95083305285604
Crystals,433.50741623402064,0,1788.2260474399936,6613,20837,155,7136,0.20485689266686422,TRUE,0,19.512125253636068,0,80.48787474636393
XGenomics,0,0,0,0,0,0,0,0,FALSE,0,0,0,0
Gese,631.5209238769055,0,85.73890328955362,917,15806,16,1950,-0.595182138,FALSE,0,88.04632574665922,0,11.953674253340782
ASKfm 2.0,0,0,0,0,0,0,0,0,FALSE,0,0,0,0
B2BX,0.5596862116592572,0,0.203175544,131,41,6,81,-0.002721455,FALSE,0,73.36666274261859,0,26.633337257381413
Lamoneda,0,0,0.072330129,401,3,7,461,0.000180374,FALSE,0,0,0,100
Accounting Blockchain,2.1672136331564626,0,0,49,156,2,31,-0.04422885,FALSE,0,100,0,0
Energi Token,0,0,0,0,0,0,0,0,FALSE,0,0,0,0
Nebeus,0,0,1.8217076376613486,351,81,11,574,0.00519005,FALSE,0,0,0,100
iRegMed,0,0,0,0,0,0,0,0,FALSE,0,0,0,0
Paygine,0.015195824,0,0.017830525591816568,8,1,1,3,0.000329338,FALSE,0,46.01121215,0,53.98878784929161
Ivy,1321.9199908285955,0,636.9419266792187,2980,79289,71,2431,-0.229858411,FALSE,0,67.48408241610129,0,32.51591758
Binex.Trade,3.649845163820859,0,0.8072902521755713,1085,145,47,716,-0.002619866,FALSE,0,81.88768846,0,18.112311537097302
Selfie GO,0,0,0,0,0,0,0,0,FALSE,0,0,0,0
Clash & GO,0.4919527470970674,0,0.066862907,409,20,9,442,-0.001039339,FALSE,0,88.03489008,0,11.96510992
Miner Edge,0.10413085403860642,0,0,225,4,5,170,-0.000462804,FALSE,0,100,0,0
Keplertek,1.3732710490701479,0,0.2313326211798979,230,50,7,178,-0.00496495,FALSE,0,85.58319256842725,0,14.416807431572762
Ink,619374.5830105527,0,1903957.6255819357,1086490,37658300,19576,1303180,1.1823238525631925,TRUE,0,24.545899303367552,0,75.45410069663245
Kimera,33634.81105548402,0,7450.320696192288,3585,384609,117,4232,-7.303902471,FALSE,0,81.86613896914591,0,18.133861030854085
Prime Ball,286.9460840823672,0,62.79872504081879,2295,4716,69,950,-0.097667695,FALSE,0,82.04441541298186,0,17.95558458701814
Aitheon,0.15597132990697563,0,0.082757256,52,23,4,27,-0.001407963,FALSE,0,65.33416558197862,0,34.665834418021376
TaTaTu,11.64759030379599,0,119.27488043381014,3089,3274,68,1635,0.034842114,FALSE,0,8.896555524941174,0,91.10344447505884
SupPorter,10290.248606227831,0,46613.87982663514,11832,492423,356,17394,3.069948548039833,TRUE,0,18.083483377429364,0,81.91651662257064
Neodium Network,0,0,0,0,0,0,0,0,FALSE,0,0,0,0
Acudeen,0.7144767709126754,0,0.3277851513315381,201,36,6,119,-0.001923839,FALSE,0,68.55059708736682,0,31.44940291263317
EasyLoot,0,0,0,0,0,0,0,0,FALSE,0,0,0,0
VIMANA,24812.153121252526,0,3830.004535151306,3512,340826,94,2460,-5.974415884,FALSE,0,86.62808653909147,0,13.371913460908525
DeNet,3.3904532366827116,0,0.11654854882154231,490,153,11,183,-0.006681438,FALSE,0,96.67668977805255,0,3.323310221947446
Goldma,138.2339493032437,0,767.8872828430032,1507,17837,17,3025,0.4178190667151689,TRUE,0,15.25556894587069,0,84.74443105412931
Ommer,35902.31953467796,0,300752.5740926833,30271,1908731,498,40549,8.749306417,TRUE,0,10.66442823623938,0,89.33557176376063
Viva Network,0.037675505,0,0.4213742523137302,33,6,3,12,0.011627234775158542,FALSE,0,8.207281270736448,0,91.79271872926356
LeadRex,2.422602030857463,0,0.4484161423502488,409,80,17,292,-0.00482686,FALSE,0,84.38128513,0,15.618714870385004
PO8,0,0,1.269027001223865,207,38,4,189,0.006130565,FALSE,0,0,0,100
SmartMesh,8.439408062221704,0,9.257501595681948,155,367,3,130,0.005278023,FALSE,0,47.688597757250584,0,52.31140224
ATN,4335.7030243713025,0,2737.9515617855773,5544,101301,83,13344,-0.288194708,FALSE,0,61.293677427453986,0,38.70632257254603
Luna,23677.649811102863,0,65895.03731934381,62264,1107929,1594,52775,0.6780384734074417,TRUE,0,26.434006358010205,0,73.56599364198979
Fenix,8.680474731913755,0,289.5827827870198,1512,4113,41,1956,0.18578194977189555,TRUE,0,2.9103399473744176,0,97.08966005262558
SuccessLife,0,0,0,0,0,0,0,0,FALSE,0,0,0,0
Planport,0.020270321,0,0,65,1,2,84,-0.000311851,FALSE,0,100,0,0
DateCoin,0,0,0.3273861607718873,178,12,4,162,0.001839248,FALSE,0,0,0,100
ArchiCoin,0,0,0,0,0,0,0,0,FALSE,0,0,0,0
CryptoHIT,0,0,0,0,0,0,0,0,FALSE,0,0,0,0
JioJioMe,0,0,0,0,0,0,0,0,FALSE,0,0,0,0
Genexi,3.303891876710743,0,21.466353535502172,2173,391,49,1696,0.008358243,FALSE,0,13.338147530350128,0,86.66185246964987
mCoin,757.4391411049425,0,2302.975137749546,6339,57594,131,5509,0.24381385023577906,TRUE,0,24.749562382399144,0,75.25043761760087
CONDA,3762.338585941878,0,14315.829769749469,34475,240387,522,30982,0.30612012135772565,TRUE,0,20.81150320052984,0,79.18849679947016
Koumei,3409.4742622257177,0,6261.6872843724905,4793,378219,114,4554,0.5950788696321245,TRUE,0,35.25403071593801,0,64.74596928406199
HODLit Network,0,0,0.045497207,102,2,2,92,0.000446051,FALSE,0,0,0,100
SKYFchain,69.55972809435836,0,0.086727807,1088,1541,37,863,-0.063853861,FALSE,0,99.87547419893733,0,0.12452580106266926
Coinyspace,0,0,10.970726915248772,61,308,7,28,0.17984798221719298,TRUE,0,0,0,100
Fructus,0.2926076063334292,0,5.752592055138507,487,128,16,455,0.011211467040667512,FALSE,0,4.840329893,0,95.15967010654232
Horizon,1614.5316940412026,0,10489.904594417225,7033,92732,113,17404,1.2619611688292367,TRUE,0,13.338346830580269,0,86.66165316941972
KanadeCoin,0.018204179978968373,0,0,27,1,2,16,-0.000674229,FALSE,0,100,0,0
Xriba,0.009364078,0,0.017015886613041077,87,1,1,165,8.7951821676292e-05,FALSE,0,35.49693193076192,0,64.50306806923808
TowerBee,1.6939611498795066,0,0.2741962909698486,324,38,9,236,-0.00438199,FALSE,0,86.06837617362972,0,13.931623826370295
MST,8290.317902096935,0,42392.83305969508,21716,626658,325,36994,1.5703865885797634,TRUE,0,16.357147779439902,0,83.64285222
ETHERC,5.538505939080835,0,8.776039214790329,384,421,10,402,0.008431076,FALSE,0,38.69145599490477,0,61.30854400509522
Elepig,2.3787684784692864,0,563.8907294,336,16495,26,130,1.6711665503779516,TRUE,0,0.4200770988651889,0,99.57992290113481
DINO,998.0595499401926,0,4305.386459975968,3360,84131,61,4772,0.9843234851296951,TRUE,0,18.819076277463047,0,81.18092372253696
LaborCrypto,4.979115420041174,0,0.39890619059700283,622,192,19,441,-0.00736368,FALSE,0,92.58265921044398,0,7.417340789556015
MD Tokens,0,0,0,0,0,0,0,0,FALSE,0,0,0,0
BitImage,0,0,0,0,0,0,0,0,FALSE,0,0,0,0
Byteball,165.59805681754216,0,294.94604762492884,7551,40587,144,9397,0.017129915,FALSE,0,35.95704628941307,0,64.04295371058694
GrabAMeal,0.9275378189970784,0,0.3129963360486492,71,30,3,48,-0.008655514,FALSE,0,74.76922866044654,0,25.230771339553463
GLEDOS,0.9847288087954105,0,0,18,21,2,8,-0.054707156,FALSE,0,100,0,0
CarLive Chain,0,0,0.17204142719598356,95,2,2,332,0.001810962,FALSE,0,0,0,100
WONO,0.2597102518457696,0,0.20448159767658006,433,19,8,415,-0.000127549,FALSE,0,55.94890390966789,0,44.051096090332095
SelfSell,3.526592180860219,0,0.3103185067691087,528,82,18,346,-0.006091427,FALSE,0,91.91228225,0,8.087717750887812
Acute Coin,0,0,2.9289874889211918,58,58,3,30,0.050499784,FALSE,0,0,0,100
CryptoFlix,0.10519622449107305,0,0.14684500033526632,108,9,5,138,0.000385637,FALSE,0,41.737705632701555,0,58.26229436729843
HubToken,0,0,0.04809914,67,1,1,38,0.000717898,FALSE,0,0,0,100
ICO Pass,0.08890167,0,0.026832088347404234,240,8,5,168,-0.000258623,FALSE,0,76.81567706065977,0,23.184322939340245
Amicorum Live,0,0,0,0,0,0,0,0,FALSE,0,0,0,0
Global REIT,19.23607945404748,0,135.52224861727518,3526,3392,80,3219,0.032979628,FALSE,0,12.429753987250528,0,87.57024601274948
WizeBit,18.629812039554693,0,0,410,1000,10,171,-0.045438566,FALSE,0,100,0,0
Zichain,0.12092008810430213,0,0.17817676336827393,467,17,7,310,0.000122605,FALSE,0,40.42840555123303,0,59.57159444876699
Tradingene,2.8430686807912537,0,0,167,61,13,104,-0.017024363,FALSE,0,100,0,0
OkeyDokey,0,0,0,0,0,0,0,0,FALSE,0,0,0,0
Birdchain,59.885224202041606,0,5.432613394185276,1474,1531,39,1006,-0.03694207,FALSE,0,91.68280274713337,0,8.317197252866642
FreelancerCoin,0,0,0,0,0,0,0,0,FALSE,0,0,0,0
Blue Whale,38988.70121056007,0,54933.53441915608,5655,1223780,228,4738,2.819599152713706,TRUE,0,41.51168352111115,0,58.488316478888834
GoldMint,33.791193660672455,0,32.99314486652251,867,1362,24,629,-0.000920472,FALSE,0,50.597481993345625,0,49.40251800665438
EvolutionOS,132.76735728321017,0,28.823252645780368,3023,5725,84,1579,-0.034384421,FALSE,0,82.16279234390757,0,17.83720765609244
Linfinity,2.859212528154598,0,3.483945692637283,700,380,24,482,0.000892476,FALSE,0,45.07553538208374,0,54.92446461791624
Cortex,173.09310015661097,0,938.2421318790989,3275,63801,49,1955,0.23363329212900397,TRUE,0,15.575237351158599,0,84.42476265
Crowd for Angels,0.3539375156188738,0,0.041563358,155,11,3,229,-0.002015317,FALSE,0,89.49095679824536,0,10.509043201754647
Iconiq Lab,6.341507506734617,0,2.8069861215159966,1188,283,36,880,-0.002975186,FALSE,0,69.31750476550584,0,30.682495234494166
Arousal,14.249063921826227,0,13.246626784878092,534,567,13,446,-0.001877223,FALSE,0,51.82289863,0,48.17710137264581
CGCX,96.38604910682591,0,5.628972486,1134,3286,50,731,-0.080032695,FALSE,0,94.48221213099652,0,5.5177878690034925
WULET,28.954353663190822,0,9.552040301045745,2298,1506,78,1991,-0.00844313,FALSE,0,75.19362547966098,0,24.806374520339027
Elysian,14.043682760247675,0,16.93210425718409,892,619,61,396,0.003238141,FALSE,0,45.33761402848144,0,54.66238597151857
Coinet,5.028886150340644,0,0.7583380384104592,124,47,7,45,-0.034439904,FALSE,0,86.89634246614334,0,13.103657533856666
Lancer Network,0.16884948999734714,0,0.14072439210254403,162,10,2,152,-0.000173612,FALSE,0,54.54255018285552,0,45.45744981714447
Safe Haven,548.9928867071576,0,2232.5109538822294,3688,62704,113,3671,0.45648537613206935,TRUE,0,19.737268692421747,0,80.26273130757825
ARAW Token,0.7265081434778125,0,0.32850754162790347,832,74,16,1041,-0.000478366,FALSE,0,68.86230733195346,0,31.137692668046533
DirectHome,0,0,0,0,0,0,0,0,FALSE,0,0,0,0
Buzcoin,0,0,0,14,0,1,1,0,FALSE,0,0,0,0
DICEGAME,0.17365270506260405,0,0,57,6,2,63,-0.003046539,FALSE,0,100,0,0
BeepBeep Nation,1.4279027215040512,0,2.2295112220849034,13,60,1,2,0.061662192352373246,FALSE,0,39.04132109538785,0,60.95867890461215
ABCC Exchange,11.105899274163157,0,3.800973555710854,733,400,31,492,-0.009965792,FALSE,0,74.50187172662035,0,25.49812827337965
Deconet,0.3860802815739833,0,0.2818183762466941,84,20,1,143,-0.001241213,FALSE,0,57.80521895847875,0,42.19478104152125
DataBlockchain,0,0,0.14982011652744787,294,12,6,218,0.000509592,FALSE,0,0,0,100
CarBlock,0,0,0,0,0,0,0,0,FALSE,0,0,0,0
Bulleon,0,0,0,0,0,0,0,0,FALSE,0,0,0,0
CoinCrowd,0,0,0,0,0,0,0,0,FALSE,0,0,0,0
RankingBall,19.72588776927907,0,0,409,384,17,248,-0.048229554,FALSE,0,100,0,0
Bubbletone,3.8978057755431106,0,0.4497155086067206,612,167,29,421,-0.005634134,FALSE,0,89.65581812684182,0,10.344181873158181
MPCX,0.32994334925357227,0,0,129,6,3,79,-0.0025577,FALSE,0,100,0,0
BlockStorage,0,0,0,0,0,0,0,0,FALSE,0,0,0,0
XcelToken Plus,0.17179499004835858,0,0,12,3,1,6,-0.014316249,FALSE,0,100,0,0
XCHNG,14.18308226985326,0,6.521096232855852,2692,402,64,3112,-0.002846206,FALSE,0,68.50347753714267,0,31.496522462857317
TrustLogics,0.42855427977577387,0,0.18374324861186647,1022,20,22,613,-0.000239541,FALSE,0,69.99118237571258,0,30.008817624287413
BitRent,0.049152495239050534,0,0.020070343650058893,63,2,2,23,-0.000461621,FALSE,0,71.00618239276446,0,28.993817607235528
Free Market Token,3.0808701528748634,0,1.2380090717077237,520,175,14,350,-0.003543964,FALSE,0,71.33494577340548,0,28.66505422659452
StarChain,1.0646998928231772,0,2.832517508453357,528,334,25,428,0.003348139,FALSE,0,27.319489348334393,0,72.68051065166561
ABitchain,0.6934259526959695,0,0.717217482,130,32,4,102,0.000183012,FALSE,0,49.15671356925381,0,50.84328643074618
Check-Car,0,0,0,0,0,0,0,0,FALSE,0,0,0,0
AI Gaming,2.1706039018004484,0,0,46,4,1,30,-0.047187041,FALSE,0,100,0,0
AbacasXchange,0.083739388,0,0,58,3,2,67,-0.001443783,FALSE,0,100,0,0
Ether joy,0,0,0,0,0,0,0,0,FALSE,0,0,0,0
Blockport,81.1236148,0,124.70459350806203,3999,17900,102,3234,0.010897969169171875,FALSE,0,39.41326384132544,0,60.58673615867457
ConcertVR,0,0,0,0,0,0,0,0,FALSE,0,0,0,0
BitMinutes,0,0,0,10,0,1,4,0,FALSE,0,0,0,0
BFEX,0.6322613302491655,0,0.2285675200043022,115,21,3,150,-0.003510381,FALSE,0,73.44797169181754,0,26.55202830818244
Hangry Animals,52.45067785960863,0,4.8716370582208075,751,744,45,307,-0.063354249,FALSE,0,91.50132532992743,0,8.498674670072583
Argent,2411.955453,0,12187.710365514482,19742,147489,417,26156,0.4951755097087718,TRUE,0,16.520620970727904,0,83.47937902927211
Limocoinswap,0,0,0,0,0,0,0,0,FALSE,0,0,0,0
Socean,19.748055100931555,0,7.138866872944459,62,186,1,32,-0.203374004,FALSE,0,73.44855286938106,0,26.55144713061895
CFun,11.600265901377968,0,3.824251900753711,710,438,16,469,-0.010952132,FALSE,0,75.20666804750813,0,24.793331952491876
Coin Governance System,0,0,0,0,0,0,0,0,FALSE,0,0,0,0
Cryde,960.0142432737896,0,683.5724658467021,1768,9290,78,1413,-0.156358471,FALSE,0,58.40971078352829,0,41.59028921647171
Belotto,4.649373704224193,0,0,30,97,2,12,-0.154979123,FALSE,0,100,0,0
Terra Virtua,5.387665723011971,0,3.842320795,997,175,35,596,-0.001549995,FALSE,0,58.371328197860976,0,41.62867180213903
Olympus Labs,40.01805777775961,0,10.33427584349517,1640,344,50,1741,-0.018099867,FALSE,0,79.4760737,0,20.5239263
Proton,6633.541292211378,0,52911.359626316946,7269,1475028,159,5372,6.366462833141501,TRUE,0,11.140401931792027,0,88.85959806820797
Touch. Social Network,0,0,0,0,0,0,0,0,FALSE,0,0,0,0
Zeex,5.255768893687834,0,3.6007130894320936,518,307,16,891,-0.003195088,FALSE,0,59.34375414193923,0,40.65624585806077
AutoBay,26.34699312469282,0,1.2796434100685072,1353,725,33,945,-0.018527236,FALSE,0,95.36808106,0,4.631918939746396
CargoChain,0.098720446,0,0.23673225447957671,178,25,3,148,0.000775347,FALSE,0,29.429021141115676,0,70.57097885888433
4NEW,49.336557208672176,0,15.87351967,3261,2270,90,2720,-0.010261588,FALSE,0,75.65787308794914,0,24.342126912050844
Moveco,0,0,0,10,2,1,7,0,FALSE,0,0,0,0
GladAge,0.036033377,0,0,19,2,1,11,-0.001896494,FALSE,0,100,0,0
Indorse,8.070151759989866,0,3.0160371116312557,572,351,16,569,-0.008835865,FALSE,0,72.79464434029416,0,27.205355659705837
Unboxed,741.7543779875712,0,1008.0376353542575,3219,22512,98,2639,0.082722354,FALSE,0,42.39100260670046,0,57.60899739329953
MetaMorph,43.38863750891991,0,47.91720351780428,1463,7800,30,1228,0.003095397,FALSE,0,47.52011155148392,0,52.47988844851608
Delicia,4383.902548995493,0,61723.91677057922,8673,278229,327,6153,6.6113241348534215,TRUE,0,6.631443290850476,0,93.36855670914952
0Chain,59.12477048055714,0,29.922946303627658,3039,2761,80,2788,-0.009609024,FALSE,0,66.3967282,0,33.603271801059904
Esports Chain,0,0,0,0,0,0,0,0,FALSE,0,0,0,0
Smart Trip Platform,0.10185923651432288,0,0,87,2,1,142,-0.001170796,FALSE,0,100,0,0
TrustNote,0,0,0,665,0,17,526,0,FALSE,0,0,0,0
Parsec Frontiers,0.9444303802929966,0,18.404036060527922,898,466,20,5439,0.019442768018078982,FALSE,0,4.881164009466201,0,95.11883599
Mine Coin,0.8420362355969134,0,73.62254249541756,398,400,9,838,0.18286559361763985,TRUE,0,1.1307876173429632,0,98.86921238265704
BITRUST,55.82666528927157,0,12.347532016068168,1362,1990,65,965,-0.031923005,FALSE,0,81.88826197576506,0,18.111738024234942
DeepToken,0,0,0.37029884477913344,205,14,7,107,0.001806336,FALSE,0,0,0,100
Workcoin,2.264971355130724,0,47.51297211243419,273,796,15,170,0.1657435925175951,TRUE,0,4.550150523206265,0,95.44984947679373
McFly,1.2035934029569948,0,7.412030364292255,961,156,27,332,0.006460392,FALSE,0,13.969892783993648,0,86.03010721600634
CoinMetro,358.55731381039953,0,431.634486,4040,29928,108,3075,0.018088408951132295,FALSE,0,45.37598516065289,0,54.62401483934711
Kryptono Exchange,4.736390140442707,0,2.1784920291628493,948,351,26,810,-0.002698205,FALSE,0,68.49560157744357,0,31.50439842255644
dApp Builder,9.825351608,0,2.6736602405243683,696,115,18,479,-0.010275419,FALSE,0,78.60902707446348,0,21.390972925536524
PreVUE,3054.402938428709,0,4616.308620866472,3687,75630,123,3386,0.4236250833842589,TRUE,0,39.819030018505366,0,60.18096998149463
EthicHub Twitter,0,0,0,0,0,0,0,0,FALSE,0,0,0,0
Urbit,75.22376410874996,0,17.84657662021715,2675,3355,62,3499,-0.021449416,FALSE,0,80.82463598990284,0,19.17536401009715
Boosto,46210.63803566277,0,12749.834421587662,2070,1854512,114,2185,-16.16463943,FALSE,0,78.37562372,0,21.62437628
Assettoken,0,0,0.47417990160438245,17,6,2,5,0.027892935388493086,FALSE,0,0,0,100
Anything App,160.17261417642823,0,6.325698985453328,658,5381,20,518,-0.233809902,FALSE,0,96.20074289923704,0,3.799257100762956
Pointium,0.16092369854490135,0,0,76,5,2,66,-0.002117417,FALSE,0,100,0,0
BIOK,3.1005430892080903,0,1010.4035104310528,222,24235,5,196,4.5374007537920935,TRUE,0,0.30592310691198504,0,99.69407689308801
BITMILLEX,3.823002050642361,0,1.0308725764032018,142,126,6,118,-0.019662884,FALSE,0,78.76186231,0,21.238137686112204
Bidipass,0.32081466160188143,0,0,84,8,2,10,-0.003819222,FALSE,0,100,0,0
Sentinel Protocol,59.11004577892982,0,25.443127599203418,4698,2397,117,4302,-0.007166224,FALSE,0,69.90872538228896,0,30.091274617711044
MoneyToken,0.034351404720692966,0,0.1747813159831395,371,18,6,429,0.000378517,FALSE,0,16.425648078925153,0,83.57435192107484
Bitsum,0.9095451523446016,0,2.2390503148374257,1116,387,25,877,0.001191313,FALSE,0,28.88732966253803,0,71.11267033746196
Endorsit,100.38884399793103,0,20.98305776067337,533,3118,27,355,-0.148978961,FALSE,0,82.71176651544407,0,17.288233484555924
SDChain,0.9260577089105247,0,0.8356223068389284,514,153,13,421,-0.000175944,FALSE,0,52.566737468300204,0,47.433262531699796
Mingo,120.2877981203316,0,9210.687215,5470,62098,139,5185,1.6618646099512777,TRUE,0,1.2891235691548433,0,98.71087643084516
LibertyLance,0,0,0,0,0,0,0,0,FALSE,0,0,0,0
Block Broker,4.068300181348134,0,2.9840770667577905,258,213,11,159,-0.004202415,FALSE,0,57.686933614346394,0,42.313066385653606
Hyperion,21.751303930761715,0,1.7910266231218197,959,388,20,732,-0.020813636,FALSE,0,92.39231384071118,0,7.607686159288816
Golden Currency,16291.057701483698,0,4281.860517852335,2418,505195,115,1515,-4.966582789,FALSE,0,79.18690740807054,0,20.813092591929465
DigiPulse,53.36024956796843,0,147.7006919430188,5136,17350,104,5300,0.018368466194519154,FALSE,0,26.539341339477662,0,73.46065866052234
EXCHAIN,3549.0181585236505,0,22.151476975287718,1096,89420,35,1033,-3.217944053,FALSE,0,99.37971367265524,0,0.6202863273447629
Spindle,12.828885106956658,0,849.1134958962574,2682,10592,57,2532,0.3118137996977258,TRUE,0,1.4883692216207223,0,98.51163077837927
SEDA,779.0648602780041,0,4843.886565200155,3974,34127,55,5232,1.0228539770815679,TRUE,0,13.855087859162055,0,86.14491214083795
ViValid,19.22009839418829,0,15.41778737807462,1441,1526,47,1510,-0.002638661,FALSE,0,55.48865921135183,0,44.51134078864816
MBYS,1.5423584634238248,0,132.7625606865598,5538,4839,68,6885,0.023694511055098587,FALSE,0,1.1484005747409831,0,98.85159942525902
Xenchain,0,0,0.091648986,98,6,1,83,0.000935194,FALSE,0,0,0,100
Kakushin,0.056646606,0,0.024530069151921057,65,2,2,47,-0.000494101,FALSE,0,69.78187506607792,0,30.21812493392208
EVO,68931.79263896903,0,131981.52750704804,96161,3176806,1863,137783,0.6556684608945312,TRUE,0,34.30921981124582,0,65.69078018875419
Strykz,0.15139981034959915,0,0.11160152927610495,105,16,6,53,-0.000379031,FALSE,0,57.566174592519936,0,42.43382540748006
KELTA,54.74954182,0,94.25414485867239,3734,5138,96,3232,0.010579700868377178,FALSE,0,36.74374979434818,0,63.25625020565181
RAWG,107.91458469781995,0,55.93294670044754,2534,3707,71,2175,-0.020513669,FALSE,0,65.86280780484253,0,34.13719219515746
AICT,102.94659613147076,0,980.4368782853826,4839,24119,150,4503,0.18133711141845668,TRUE,0,9.502322914,0,90.49767708641824
Meshbox,302.0100237037942,0,202.44419241814228,3749,3734,92,3425,-0.02655797,FALSE,0,59.86866876156556,0,40.131331238434434
eosDAC,6.335058666769733,0,26.798124229952787,635,1267,18,1371,0.0322253,FALSE,0,19.119982183771388,0,80.88001781622862
EatMeCoin,0,0,0,0,0,0,0,0,FALSE,0,0,0,0
Superset,91.74732346037965,0,34.592135666444555,4098,2229,78,5295,-0.013947093,FALSE,0,72.61968992,0,27.38031008326519
Coinpaws,0.1935736289574806,0,4.215385278609713,139,141,6,192,0.028933897,FALSE,0,4.390461172710091,0,95.60953882728991
Trident Group,0,0,0.12417603785216486,403,10,10,313,0.000308129,FALSE,0,0,0,100
Prontapay,0,0,0,56,0,2,38,0,FALSE,0,0,0,0
Akaiito,0,0,0.028348512850030927,45,2,2,33,0.000629967,FALSE,0,0,0,100
SmartO,71.50504906533423,0,39.55103848370841,1335,908,42,1891,-0.023935588,FALSE,0,64.38642909489984,0,35.613570905100154
ENTRY,15168.400057580991,0,16123.66677386306,25500,897286,450,54338,0.03746144,FALSE,0,48.47362796227611,0,51.52637203772389
Digitize,2463.577830050237,0,512.9690866949182,1428,48287,32,1238,-1.365972509,FALSE,0,82.76630266403299,0,17.23369733596702
VinChain,0.3239730725972626,0,0.3193681034243986,985,22,20,892,-4.68E-06,FALSE,0,50.35789479552207,0,49.64210520447793
Bit.Game,31.687329879016474,0,50.29790915690837,2447,2510,83,1354,0.007605468,FALSE,0,38.65004268040434,0,61.349957319595646
Pecunio,34.33085207235301,0,55.63738650416797,1900,2719,65,1163,0.011213965490428926,FALSE,0,38.15885763191138,0,61.84114236808863
LabStart,0,0,0.069747006,16,5,1,3,0.004359188,FALSE,0,0,0,100
Vexanium,0.7856475327854715,0,0.38816381553803103,665,34,11,481,-0.00059772,FALSE,0,66.93132878,0,33.068671221523495
QRYPTOS Exchange,0,0,0.027588515806553967,216,3,5,174,0.000127725,FALSE,0,0,0,100
THEKEY,1805.9222232240184,0,716.0088667,4140,71733,130,3346,-0.263264096,FALSE,0,71.60870613993022,0,28.391293860069787
EchoLink,92.44720304,0,432.44560822249764,2741,13661,99,2289,0.12404173848360268,TRUE,0,17.61258699976676,0,82.38741300023324
EthicHub,0.3008936054822875,0,0,50,9,4,34,-0.006017872,FALSE,0,100,0,0
Marginless,0.3399670195436763,0,0.2491785031863438,92,34,4,70,-0.000986832,FALSE,0,57.70510110444622,0,42.29489889555378
ABLE,1434654.567498086,0,1670892.853137739,901676,38391905,14945,1210898,0.2619990835285102,TRUE,0,46.19651137719085,0,53.80348862280915
Cosmochain,72.34291168555562,0,48.422194771320214,1908,3590,73,1288,-0.012537063,FALSE,0,59.90381974398262,0,40.09618025601738
ChronoBank,0.6752318179938668,0,0.7662058531921733,414,86,12,376,0.000219744,FALSE,0,46.844329900041686,0,53.15567009995831
BitRewards,0,0,0,343,0,10,240,0,FALSE,0,0,0,0
Vanig,2.5469451892168857,0,0.25119101504616914,265,101,8,227,-0.008663223,FALSE,0,91.02291680213882,0,8.977083197861175
London Football Exchange,4.068438672772582,0,3.0931889208978545,465,186,12,365,-0.002097311,FALSE,0,56.80885552284699,0,43.19114448
LemoChain,0,0,0,387,4,3,372,0,FALSE,0,0,0,0
SurruS,0.010277048419670103,0,0.080836368,458,12,6,412,0.00015406,FALSE,0,11.279401863027863,0,88.72059813697214
CPROP,2.603687499819861,0,1.424253088095637,943,277,23,1105,-0.001250726,FALSE,0,64.64066296388192,0,35.359337036118085
Bundle,3668.111249393686,0,6827.010184,8004,220675,156,17656,0.3946650343186499,TRUE,0,34.95063180207106,0,65.04936819792894
3DES,40.883391961802865,0,136.69958195237322,4961,30225,110,4338,0.019313886311342544,FALSE,0,23.02213498325654,0,76.97786501674346
Contract Vault,4.039209197883877,0,0.22867588929024235,714,214,12,388,-0.005336881,FALSE,0,94.64193893,0,5.3580610681731065
Modex,1.7347434610402221,0,0.39435167331076887,1392,63,22,1292,-0.000962925,FALSE,0,81.47796841257737,0,18.52203158742263
Modorr,0.074447194,0,0.081739913,99,5,5,53,7.366382905394521e-05,FALSE,0,47.66539019075809,0,52.334609809241904
BitFence,0,0,0,0,0,0,0,0,FALSE,0,0,0,0
MaxiMine,0.011763493569221461,0,0.029303385746026898,16,1,1,8,0.001096243,FALSE,0,28.644722378146742,0,71.35527762185326
Biotron,128.32225845910753,0,26.886914160334726,2131,1890,75,1851,-0.04759988,FALSE,0,82.67698119,0,17.32301881
Berith,5.098416627459647,0,8.185287447817077,383,512,29,202,0.008059715,FALSE,0,38.38098619607677,0,61.61901380392323
Moneda,452.9149986214734,0,1098.169727328705,7234,16863,170,7406,0.089197502,FALSE,0,29.199887733020024,0,70.80011226697998
CyteCoin,0.078263096,0,0.039804460634507176,126,4,4,99,-0.000305227,FALSE,0,66.28670750395983,0,33.71329249604017
BitLumens,1.4493071420605654,0,0.4441618207715674,491,43,12,472,-0.002047139,FALSE,0,76.54242929299365,0,23.457570707006354
Union,10585.843427603206,0,58300.477349502944,22253,885342,426,22879,2.1441888249629146,TRUE,0,15.367119782540817,0,84.63288021745917
BHOM,10.103321548142493,0,30.422574572409076,501,1031,33,434,0.040557391266001164,FALSE,0,24.93053211726237,0,75.06946788273764
Potentiam,47.88715702351161,0,2.5059203543715074,1096,405,30,848,-0.041406238,FALSE,0,95.02725278,0,4.972747219980902
Emrify,0,0,0,0,0,0,0,0,FALSE,0,0,0,0
Hai Project,0,0,0,90,0,1,78,0,FALSE,0,0,0,0
LangNet,17.23719299441636,0,43.77619491683113,562,913,9,1097,0.047222423,FALSE,0,28.25149296657689,0,71.74850703342311
Ambr,888.6636272203256,0,10919.42974178018,16701,193772,280,18658,0.6006087129249659,TRUE,0,7.525885843292128,0,92.47411415670787
Snovio,10.282438763900494,0,21.251269372329823,3423,1211,86,4022,0.003204449,FALSE,0,32.607769182992456,0,67.39223081700754
Alvalor,5.439588105196024,0,1.0756587262333983,2544,190,32,1915,-0.001715381,FALSE,0,83.49013085667849,0,16.509869143321502
Triggmine,0.3970729184188361,0,0,46,11,1,15,-0.00863202,FALSE,0,100,0,0
Thorium,0,0,0,544,21987,14,459,0,FALSE,0,0,0,0
Sport X,22.328501956286146,0,105.05212124786105,2398,1450,109,1480,0.034496922,FALSE,0,17.528962721827213,0,82.47103727817279
MOS,1322518.9290286954,0,1688037.6247024848,762445,34604151,12965,984065,0.47940336112610005,TRUE,0,43.929383335769295,0,56.07061666423071
VRT World,0.2647306207527587,0,0,36,6,1,14,-0.007353628,FALSE,0,100,0,0
DateMe,1.4109182816285353,0,19.530749685460414,299,250,7,382,0.060601443,FALSE,0,6.737372991711431,0,93.26262700828856
Helios Protocol,5.084015274739789,0,0.32440394266817724,232,98,17,54,-0.020515566,FALSE,0,94.00187134858139,0,5.998128651418607
Gravity GZRO,0,0,0,0,0,0,0,0,FALSE,0,0,0,0
Gosama,15.892494933544873,0,2.961820021014789,209,563,6,217,-0.061869258,FALSE,0,84.29102288705263,0,15.70897711294736
LaneAxis,0.3949062905328984,0,0,37,14,7,26,-0.010673143,FALSE,0,100,0,0
CRYPTTO,8.203099574715603,0,1.6741587859581382,1215,315,24,1606,-0.005373614,FALSE,0,83.05036959827036,0,16.94963040172963
Sleecoin,0,0,0,0,0,0,0,0,FALSE,0,0,0,0
NAU,14093.366198089483,0,15076.03289310694,17447,302781,399,18113,0.056322960681919915,FALSE,0,48.31558632,0,51.684413676032904
TrigID,130.51016296428887,0,0,432,3228,28,261,-0.302106859,FALSE,0,100,0,0
VeChain,23354.347318442655,0,7001.806975492375,23737,510208,648,17852,-0.688905099,FALSE,0,76.93447296487325,0,23.065527035126753
NWP Solution,1.1622086459063847,0,0.2640133750330397,255,46,8,186,-0.003522334,FALSE,0,81.48862020380673,0,18.511379796193246
Kinguin,0.2893596355198355,0,0.22063668487016774,348,7,10,264,-0.00019748,FALSE,0,56.73759279254349,0,43.26240721
Goldiam,23.490988931282843,0,1.8508427910961371,1314,239,27,1094,-0.016468909,FALSE,0,92.69649166890456,0,7.303508331095444
First Trading Ecosystem,0,0,0,0,0,0,0,0,FALSE,0,0,0,0
Cybereits,0,0,0,0,0,0,0,0,FALSE,0,0,0,0
Blocknubie,0.016911713018733596,0,0,26,1,1,15,-0.000650451,FALSE,0,100,0,0
HOLD,167256.08127957632,0,516333.80224177934,324822,9716362,5580,439204,1.074673885888896,TRUE,0,24.46731370832979,0,75.53268629
BCharity,8.681168046103744,0,10.223390488139806,726,126,16,783,0.002124273,FALSE,0,45.92103026568303,0,54.078969734316985
ALAX,7033.851968194899,0,12608.535473350144,8845,382573,177,12972,0.6302638219508474,TRUE,0,35.80955720951621,0,64.19044279048379
Blockchain Hotels 2.0,0,0,0,0,0,0,0,0,FALSE,0,0,0,0
Crypto Angel,7.801613446,0,3.315118812623539,1345,389,47,1129,-0.003335684,FALSE,0,70.17901722026784,0,29.82098277973216
Flashmoni,0.7734409882619009,0,0.5100567770609953,238,38,14,155,-0.001106656,FALSE,0,60.260407860337985,0,39.73959213966201
BLACKFOL.IO,0,0,0,0,0,0,0,0,FALSE,0,0,0,0
Disciplina,59.62229131812624,0,82.97513865721218,864,4239,9,6321,0.027028758494312438,FALSE,0,41.81161703155354,0,58.18838296844645
Birake,0.10733758775811446,0,0,82,10,4,55,-0.001308995,FALSE,0,100,0,0
ExtraCredit,17.27194539451784,0,2.843991765218188,118,545,5,63,-0.122270793,FALSE,0,85.86199716854003,0,14.13800283145997
HowDoo,28.388038683329828,0,105.00797691445277,4958,9744,92,2964,0.015453799562550009,FALSE,0,21.28102444148393,0,78.71897555851606
SANCOJ,0.22546642805000702,0,0,110,8,2,94,-0.002049695,FALSE,0,100,0,0
Smart Unit,348.12317874295627,0,55.93069675418436,1655,5256,43,1219,-0.176551349,FALSE,0,86.15761408416928,0,13.842385915830713
Papyrus,379.19601692401636,0,199.70388045806567,327,13475,7,241,-0.548905616,FALSE,0,65.50286476795516,0,34.49713523204485
WeiCrowd,0,0,0,0,0,0,0,0,FALSE,0,0,0,0
Talao,7.041177158517421,0,1.8950861751589527,191,245,6,121,-0.026942885,FALSE,0,78.79330426603134,0,21.206695733968655
Etheal,0.6573570684873411,0,3.6537689469555925,411,120,6,511,0.00729054,FALSE,0,15.247920523144412,0,84.75207947685558
StasyQ,1.6434352899482396,0,0.626516166,46,77,13,17,-0.022106937,FALSE,0,72.39957867363051,0,27.600421326369485
BTU Protocol,0.047319597349717066,0,0,164,3,3,146,-0.000288534,FALSE,0,100,0,0
Pantos by Bitpanda,0,0,0,0,0,0,0,0,FALSE,0,0,0,0
Safein,0.072985027,0,0.20085756967738042,118,4,3,100,0.001083666,FALSE,0,26.652181902474748,0,73.34781809752525
Eniac Network,0.040026923725756794,0,0,105,2,2,80,-0.000381209,FALSE,0,100,0,0
Fox Trading,0.5039739057519954,0,253.65627938423557,306,5090,10,220,0.8272951159427568,TRUE,0,0.19828981881639043,0,99.80171018118361
Decibels,3.315780401315344,0,0,109,235,1,97,-0.030420004,FALSE,0,100,0,0
MF Chain,7.702839607296808,0,0.9678796584157336,888,243,29,580,-0.007584414,FALSE,0,88.83737751442244,0,11.16262248557756
Cryptelo,1.3272378054640102,0,0.020609428,52,43,6,29,-0.025127469,FALSE,0,98.47093738840556,0,1.5290626115944357
Cartel,22636.270432638208,0,280604.87509712385,16504,6340559,318,16546,15.630671635027001,TRUE,0,7.464775399490284,0,92.53522460050972
Bobs Repair,13.523291916228663,0,0,713,381,14,227,-0.018966749,FALSE,0,100,0,0
Measurable Data Token,1.6282767576226085,0,1.6383675444795547,760,90,33,545,1.3277351127560789e-05,FALSE,0,49.84554812333788,0,50.15445187666212
Blok,148.20467406238583,0,2119.593795136845,2841,34078,68,3338,0.6939067656017104,TRUE,0,6.535178327142867,0,93.46482167285713
AdSigma,0.10109680384468522,0,0.06345275,37,3,1,25,-0.001017407,FALSE,0,61.43851610455263,0,38.56148389544738
PayVX,0,0,0,0,0,0,0,0,FALSE,0,0,0,0
Instant Assets Tokens,2.416762185948316,0,0.7167933764597647,141,50,4,177,-0.012056516,FALSE,0,77.12523801847247,0,22.874761981527524
Algebraix,41.17433670006308,0,39.47300703547519,1455,4449,45,1017,-0.001169299,FALSE,0,51.05479584682103,0,48.94520415317896
Chimaera,0.46609233634329994,0,0.2886620356882219,130,27,5,97,-0.001364848,FALSE,0,61.75417508198732,0,38.24582491801268
Essentia,37286.43545675727,0,76776.68846417875,47136,1510290,697,89983,0.8377938944208563,TRUE,0,32.68929885052309,0,67.31070115
Pibble,182.0943031,0,2064.088573,3788,14205,107,4468,0.49683058872521413,TRUE,0,8.106833378,0,91.89316662224985
eCharge,31.710208937671815,0,82.24183704310917,1838,14611,43,2388,0.027492724758126964,FALSE,0,27.827678445562988,0,72.17232155443702
Flux,3254.6138830261348,0,14117.918911635274,7742,295100,177,7788,1.403165206485293,TRUE,0,18.73425090914941,0,81.26574909085058
LAPO,17.021437935261137,0,141.52408943296734,2885,2589,42,3344,0.043155165,FALSE,0,10.735993766464413,0,89.26400623353558
VeriME,0.20849322688057126,0,0,44,12,2,14,-0.004738482,FALSE,0,100,0,0
Crestonium,0,0,5.205768015123134,11,128,1,3,0.47325163773846673,TRUE,0,0,0,100
OS University,0,0,0,0,0,0,0,0,FALSE,0,0,0,0
Friend Unifying Platform,0,0,0,649,0,9,657,0,FALSE,0,0,0,0
Photochain,12.889271215756455,0,15.782195738917212,1705,1162,42,1322,0.00169673,FALSE,0,44.955046200227315,0,55.04495379977268
Aeternum,233.5468181248367,0,283.3032077756422,7051,2304,156,6278,0.007056643,FALSE,0,45.186573748920914,0,54.81342625
Xmoneta,0,0,0,0,0,0,0,0,FALSE,0,0,0,0
Aphelion,48.74195523739393,0,513.0975087353951,3222,16298,93,3052,0.1441202835189327,TRUE,0,8.675423918,0,91.32457608215387
Koios,62.88974087937433,0,39.91400709982669,253,525,4,228,-0.090813177,FALSE,0,61.17456037896402,0,38.82543962103598
Blockshipping,1.6325354042810947,0,0,122,52,3,60,-0.013381438,FALSE,0,100,0,0
AIDA Service,0,0,0,0,0,0,0,0,FALSE,0,0,0,0
Trifid,769.0758836981615,0,730.4720473470682,2402,66194,68,2124,-0.016071539,FALSE,0,51.28718247519388,0,48.71281752480611
DarcMatter,6.792045148886169,0,3.830736084143715,266,333,11,194,-0.011132741,FALSE,0,63.93848277,0,36.061517225193704
Signals,6259.473981831935,0,11397.345012959277,8222,498036,148,10119,0.6248930954910413,TRUE,0,35.45074559397414,0,64.54925440602585
Oyster Shell,194.00262860286944,0,1316.762260294882,3201,54264,112,2308,0.35075277466167215,TRUE,0,12.841351425926575,0,87.15864857407342
CashBag,0,0,6.6489544200951585,203,206,3,335,0.032753470049729845,FALSE,0,0,0,100
Viola,31049.46908251161,0,360912.62514389807,27562,9977723,559,39282,11.968041363521749,TRUE,0,7.921548930335201,0,92.07845106966481
Cappasity,19.830813105632554,0,8.870031388996791,1289,1255,44,1058,-0.008503322,FALSE,0,69.09487666588836,0,30.905123334111646
PHI,134106.2479475861,0,208267.36741430822,100683,8919934,1762,161361,0.7365803508707739,TRUE,0,39.1695627,0,60.8304373
Biograffi,0,0,0,0,0,0,0,0,FALSE,0,0,0,0
Gluon,2757.7187825596443,0,5169.475898170825,4124,162268,164,2441,0.5848101638242436,TRUE,0,34.78807943575732,0,65.21192056424269
Fishcoin,307.3589805928454,0,60.62267880864624,1491,5712,32,669,-0.16548377,FALSE,0,83.52562491640296,0,16.474375083597035
BZLcoin,0,0,0,0,0,0,0,0,FALSE,0,0,0,0
A2B Taxi,2.213621976609897,0,0.3478759441273468,101,64,7,49,-0.018472733,FALSE,0,86.41904249419723,0,13.580957505802779
Monanex,0.9394366791240838,0,0.30765605847726996,730,30,20,530,-0.000865453,FALSE,0,75.33013791187554,0,24.66986208812447
Gladius,37.278669199980136,0,86.32857599794144,758,3977,31,1059,0.06470964,FALSE,0,30.158967737116892,0,69.84103226288312
Elementh,0,0,23.619611751535928,635,709,10,568,0.037196239,FALSE,0,0,0,100
Callisto,16.12103623,0,4.358054071707265,344,184,11,260,-0.034194716,FALSE,0,78.71949385,0,21.28050615
CIBUS,324.3192211950412,0,75.92717993,2045,13770,74,1763,-0.121463101,FALSE,0,81.02989065811684,0,18.970109341883155
ConnectJob,0,0,0,0,0,0,0,0,FALSE,0,0,0,0
BitNautic,0.7571027494269058,0,0.3469389625543323,33,26,2,18,-0.012429206,FALSE,0,68.57555663075998,0,31.424443369240034
WOTER,0,0,0,44,0,1,31,0,FALSE,0,0,0,0
Ethearnal,2.0061004137653766,0,0.7078100575921219,517,140,30,416,-0.0025112,FALSE,0,73.91918174669648,0,26.080818253303512
Bitcore,73.16948594520522,0,7.760291982390719,3058,2632,109,2362,-0.021389534,FALSE,0,90.41107960368619,0,9.588920396313808
Game Loot Network,12.662957388887133,0,0.9768687241288543,709,453,19,324,-0.016482495,FALSE,0,92.83811453287763,0,7.161885467122373
MyDFS,0.5121690630216601,0,0.092110682,316,40,10,249,-0.001329299,FALSE,0,84.75694691049227,0,15.243053089507738
Semux,1.0931933682078359,0,3.0083114581716512,1640,249,61,1492,0.001167755,FALSE,0,26.65347023796698,0,73.34652976203301
Storweey,1.6687505538646317,0,1.199004265719838,95,68,6,97,-0.004944698,FALSE,0,58.190140330979524,0,41.809859669020476
WAR FIELD,167.3974999138609,0,296.2257384174896,1943,14665,77,1791,0.066303777,FALSE,0,36.10636527115198,0,63.89363472884801
Leonardian,67.60330803160942,0,33.55447363261496,533,7014,36,340,-0.06388149,FALSE,0,66.82956755,0,33.17043245
Cornucopia,11.944677889434356,0,30.00506243085168,1781,820,59,1619,0.010140586491531345,FALSE,0,28.473782670016085,0,71.52621732998391
Tutellus,0.040746684,0,0.095488085,235,6,5,235,0.000232942,FALSE,0,29.909166677266697,0,70.09083332273332
Corl,0.780630124,0,0.6338091249342357,454,44,7,1157,-0.000323394,FALSE,0,55.19007793160311,0,44.809922068396894
Prandex,1.3654673093362955,0,0.045627299,132,34,5,105,-0.009998788,FALSE,0,96.76653158,0,3.23346842
Dizcovery Network,0.13779968375283347,0,0.20094074839084203,394,9,8,267,0.000160257,FALSE,0,40.68002242330087,0,59.319977576699124
BlockFollow,0,0,0,0,0,0,0,0,FALSE,0,0,0,0
webRunes,0.061686018965946006,0,0,10,2,1,6,-0.006168602,FALSE,0,100,0,0
Invest in Brokers,0.025089282,0,0.023370423,48,2,1,56,-3.58E-05,FALSE,0,51.773493571471086,0,48.226506428528914
ApolloChain,5.222137598756321,0,0.9045030026539322,632,197,16,553,-0.0068317,FALSE,0,85.23655847470913,0,14.76344152529088
uRunIt,0.14979134628188165,0,0,42,13,2,33,-0.003566461,FALSE,0,100,0,0
AllStocks,1.2925221017382174,0,0.3098295418950593,557,32,14,564,-0.00176426,FALSE,0,80.66407314,0,19.335926862628703
