airdrop_name,positive,neutral,negative,total,total_words,positive_percentage,neutral_percentage,negative_percentage,scam_probability,is_scam
rLoop,0,0.7944908142089844,2.408207595348358,3.2026984095573425,652,0.0,24.80691943512702,75.19308056487299,0.003693569931515887,False
Bitney,49.58515548706055,70.62854391336441,7.75229412317276,127.96599352359772,3570,38.74869730755206,55.19321342223633,6.058089270211613,-0.011717888337223469,False
APIS,93.00681793689728,124.33031669259071,95.11357003450394,312.4507046639919,19717,29.766877318108914,39.79197833024411,30.44114435164697,0.00010684952566854283,False
XMED Chain,0,0,0,0,0,0,0,0,0,False
IndiCoin,29.00028830766678,46.844593703746796,0.5095454454421997,76.35442745685577,986,37.98114827598367,61.35150935447251,0.6673423695438216,-0.028895276736536083,False
Nobar,0.9250136017799377,1.3859220743179321,0.8353464007377625,3.1462820768356323,70,29.40021203408019,44.04951750899019,26.550270456929614,-0.0012809600148882185,False
Coinself,0.53682941198349,6.243651270866394,0.47681546211242676,7.257296144962311,478,7.397099432908397,86.03274754331827,6.570153023773333,-0.00012555219638297747,False
MAKEAFOLIO,0,0,0,0,0,0,0,0,0,False
Iris.ai,0.9906324148178101,1.9612351059913635,0,2.9518675208091736,28,33.559514708378764,66.44048529162124,0.0,-0.035379729100636075,False
Deedcoin,3.205364942550659,13.793951153755188,5.411899268627167,22.411215364933014,344,14.30250385959039,61.54932219936041,24.14817394104919,0.006414343971152639,False
DAV,88.22228261828423,434.6568784415722,111.10045662522316,633.9796176850796,31013,13.915633903250718,68.56007138347496,17.524294713274323,0.0007376962566323456,False
Find.Exchange,38.757517755031586,41.92053264379501,0.5724917054176331,81.25054210424423,1380,47.70124204870632,51.59415747652623,0.7046004747674517,-0.027670308731604313,False
INGOT Coin,46.59704291820526,69.82680535316467,2.531089335680008,118.95493760704994,1187,39.17201240702736,58.70021602955836,2.12777156341428,-0.03712380251265818,False
Profede,13.250689685344696,15.141513705253601,0,28.392203390598297,361,46.67017033884903,53.32982966115096,0.0,-0.03670551159375262,False
Box 2 Table,0,0,0,0,0,0,0,0,0,False
GlobeCas,0,1.359467327594757,1.3990734219551086,2.7585407495498657,127,0.0,49.28211873674851,50.7178812632515,0.01101632615712684,False
GOeureka,3.809506356716156,8.067319810390472,0,11.876826167106628,155,32.07512093817408,67.92487906182593,0.0,-0.024577460365910683,False
Xeeda,6.078516185283661,3.8308860063552856,0,9.909402191638947,349,61.34089693536111,38.65910306463889,0.0,-0.01741695182029702,False
RecordsKeeper,0,0,0,0,0,0,0,0,0,False
DATAVLT,0,3.2123794555664062,0,3.2123794555664062,91,0.0,100.0,0.0,0.0,False
Jibbit,25.49751055240631,85.98197317123413,8.522883415222168,120.00236713886261,1288,21.247506328688893,71.65023092564395,7.10226274566716,-0.013179058336323093,False
Loyakk,0.9475171566009521,4.3746591210365295,2.671428680419922,7.993604958057404,117,11.853439863148012,54.72698668486182,33.41957345199017,0.014734286528367262,False
AVINOC,24.514602333307266,49.05788868665695,0.826370120048523,74.39886114001274,545,32.95023869676276,65.93903177406695,1.110729529170292,-0.04346464626286008,False
TokenUnion,4.25827032327652,8.551670789718628,0,12.809941112995148,56,33.24191958194626,66.75808041805374,0.0,-0.07604054148708071,False
Root Blockchain,4.781853914260864,0.7706041932106018,0.4799351096153259,6.032393217086792,353,79.269599016129,12.774435708664688,7.955965275206308,-0.012186738823358466,False
Ormeus Coin,5.539245665073395,27.67009049654007,42.746438801288605,75.95577496290207,1566,7.292724835970464,36.429212275241156,56.278062888788384,0.02375938259017574,False
CryptoRiya,0,0,0,0,0,0,0,0,0,False
Mjolnir Guard,0,0,0,0,0,0,0,0,0,False
Daox,1.4424276947975159,11.981011390686035,0,13.423439085483551,219,10.745589752460633,89.25441024753937,0.0,-0.006586427830125643,False
PavoCoin,1.3028780221939087,4.665378570556641,0,5.968256592750549,276,21.83012747435278,78.16987252564722,0.0,-0.004720572544180829,False
Brainmab,0,0,0,0,0,0,0,0,0,False
Viewo,18.681889444589615,12.552578091621399,0,31.234467536211014,475,59.811774998024745,40.188225001975255,0.0,-0.03933029356755709,False
FanFare,20.143996864557266,65.89908337593079,14.135151207447052,100.1782314479351,4009,20.108157803750565,65.78183945099893,14.110002745250508,-0.0014988390264680006,False
Crystals,17.869599997997284,177.17676866054535,33.12737733125687,228.1737459897995,8184,7.831575854829567,77.64993640787492,14.51848773729552,0.0018643422938977984,False
XGenomics,0,0,0,0,0,0,0,0,0,False
Gese,3.4119391441345215,19.605509102344513,1.9958304166793823,25.013278663158417,2086,13.640511466255328,78.38040492956685,7.979083604177821,-0.0006788632442258577,False
ASKfm 2.0,0,0,0,0,0,0,0,0,0,False
B2BX,3.6149497032165527,5.444475054740906,0,9.059424757957458,131,39.902640617897035,60.097359382102965,0.0,-0.027595035902416434,False
Lamoneda,0.7532893419265747,6.961094796657562,3.5070801377296448,11.221464276313782,489,6.712932674184194,62.03374733679821,31.2533199890176,0.005631474020047178,False
Accounting Blockchain,0.9798693656921387,2.2700305581092834,0,3.249899923801422,49,30.15075505912752,69.84924494087248,0.0,-0.019997333993717115,False
Energi Token,0,0,0,0,0,0,0,0,0,False
Nebeus,0,15.34120488166809,2.2376784086227417,17.578883290290833,652,0.0,87.27064528690138,12.72935471309862,0.0034320220991146343,False
iRegMed,0,0,0,0,0,0,0,0,0,False
Paygine,0,1.5352513790130615,0,1.5352513790130615,8,0.0,100.0,0.0,0.0,False
Ivy,16.6260786652565,81.70498549938202,10.390789449214935,108.72185361385345,3192,15.292306111986658,75.15047139425434,9.557222493759001,-0.001953411408534325,False
Binex.Trade,26.85144156217575,45.53839737176895,2.7301763892173767,75.12001532316208,1085,35.74472322278205,60.620857405134075,3.6344193720838733,-0.02223158080456993,False
Selfie GO,0,0,0,0,0,0,0,0,0,False
Clash & GO,5.452756643295288,7.116526901721954,0,12.569283545017242,563,43.38160264875947,56.61839735124053,0.0,-0.009685180538712767,False
Miner Edge,0,8.169521927833557,0,8.169521927833557,225,0.0,100.0,0.0,0.0,False
Keplertek,4.931944787502289,5.477419435977936,0.9716004729270935,11.380964696407318,230,43.33503282950327,48.127901123417224,8.537066047079499,-0.01721888832423998,False
Ink,4613.728426069021,15754.186845362186,7587.8415649831295,27955.756836414337,1555097,16.503679199481788,56.353998704271355,27.142322096246858,0.0019124936508231373,False
Kimera,35.646268248558044,116.14953368902206,29.920508086681366,181.71631002426147,4735,19.61643852651356,63.91805648789292,16.46550498559353,-0.0012092418504491402,False
Prime Ball,52.22326937317848,41.62042272090912,13.542407870292664,107.38609996438026,2295,48.6313120510949,38.75773748624312,12.610950462661974,-0.01685440588361038,False
Aitheon,1.7647796869277954,5.0173603892326355,0,6.782140076160431,52,26.02098551651987,73.97901448348013,0.0,-0.0339380709024576,False
TaTaTu,23.63952100276947,28.488608062267303,38.57458221912384,90.70271128416061,3168,26.062639879319278,31.40877230562154,42.52858781505918,0.004714350131424991,False
SupPorter,66.42317074537277,327.9567519426346,135.17978820204735,529.5597108900547,20377,12.543093702074195,61.93007987549185,25.526826422433956,0.0033742266995472627,False
Neodium Network,0,0,0,0,0,0,0,0,0,False
Acudeen,5.051281929016113,4.637005805969238,0,9.688287734985352,201,52.13802549211499,47.861974507885,0.0,-0.025130755865751808,False
EasyLoot,0,0,0,0,0,0,0,0,0,False
VIMANA,32.15295121073723,104.54139298200607,16.39770272374153,153.09204691648483,3708,21.00236547772948,68.28662565275894,10.711008869511588,-0.004248988265101321,False
DeNet,6.6945266127586365,6.267996251583099,4.7045170068740845,17.66703987121582,490,37.892746388520656,35.478474590388444,26.62877902109091,-0.004061244093641943,False
Goldma,2.4114148020744324,7.074600577354431,14.141334176063538,23.6273495554924,3336,10.206031770135116,29.942421433003574,59.851546796861314,0.0035161628818912187,False
Ommer,183.7705502808094,411.2654519081116,128.15586480498314,723.1918669939041,49272,25.411036637440287,56.86809692946646,17.72086643309325,-0.0011287279890369027,False
Viva Network,0,0.5570363402366638,3.614928960800171,4.171965301036835,33,0.0,13.351892933966319,86.64810706603369,0.10954330184242943,False
LeadRex,1.6302708983421326,22.77372646331787,0,24.403997361660004,409,6.6803436919862,93.3196563080138,0.0,-0.003985992416484432,False
PO8,1.1254841089248657,2.5126038789749146,1.2910780906677246,4.929166078567505,253,22.833154553639012,50.9742183348206,26.19262711154039,0.0006545216669678217,False
SmartMesh,2.9178448915481567,1.2086876034736633,0,4.12653249502182,155,70.70936421967345,29.290635780326557,0.0,-0.018824805751923593,False
ATN,19.822183936834335,85.60210657119751,19.401170432567596,124.82546094059944,14132,15.879920480539699,68.57744079305495,15.542638726405352,-2.979150185867102e-05,False
Luna,300.5325608551502,1497.0348903536797,489.73445615172386,2287.3019073605537,71973,13.139173271706472,65.4498160271808,21.411010701112733,0.002628789897552883,False
Fenix,9.938405871391296,37.576525151729584,7.199733644723892,54.71466466784477,2480,18.164062471595464,68.67724654778505,13.158690980619497,-0.0011043033172045984,False
SuccessLife,0,0,0,0,0,0,0,0,0,False
Planport,0,3.0284584760665894,0,3.0284584760665894,99,0.0,100.0,0.0,0.0,False
DateCoin,0.590298056602478,4.604538083076477,0.6499795317649841,5.844815671443939,178,10.099515361733335,78.77986820992326,11.120616428343396,0.00033528918630621406,False
ArchiCoin,0,0,0,0,0,0,0,0,0,False
CryptoHIT,0,0,0,0,0,0,0,0,0,False
JioJioMe,0,0,0,0,0,0,0,0,0,False
Genexi,3.9615229964256287,51.66153371334076,18.363443851470947,73.98650056123734,2253,5.354386227723725,69.82562132477317,24.819992447503104,0.006392330605878969,False
mCoin,51.9652436375618,81.43029201030731,54.02739602327347,187.42293167114258,7387,27.72619293392627,43.44734728255513,28.826459783518604,0.0002791596569259063,False
CONDA,78.02349901199341,228.46167597174644,495.7042638063431,802.1894387900829,43586,9.726318403003884,28.47976611563573,61.793915481360386,0.00958291113647386,False
Koumei,19.931629180908203,139.16940182447433,19.545292258262634,178.64632326364517,5247,11.157032967027943,77.90219204180819,10.94077499116386,-7.363005958558583e-05,False
HODLit Network,0.9166715741157532,2.0623278617858887,0,2.978999435901642,102,30.771122782650274,69.22887721734973,0.0,-0.00898697621682111,False
SKYFchain,31.82844477891922,30.050718009471893,1.8904913067817688,63.76965409517288,1089,49.91158448408223,47.12385292951843,2.9645625863993383,-0.027491233675057347,False
Coinyspace,3.245920181274414,7.192215800285339,0,10.438135981559753,61,31.096741669285876,68.90325833071412,0.0,-0.05321180625040023,False
Fructus,0,13.602972030639648,8.095095694065094,21.698067724704742,599,0.0,62.692089467265,37.307910532735,0.01351435007356443,False
Horizon,60.41897904872894,90.20152878761292,17.195968210697174,167.81647604703903,18700,36.00300785233595,53.750103036563225,10.24688911110083,-0.002311390953905442,False
KanadeCoin,0.6362139582633972,2.666643798351288,0,3.302857756614685,27,19.26252975894107,80.73747024105893,0.0,-0.023563479935681378,False
Xriba,0,1.680501937866211,0,1.680501937866211,172,0.0,100.0,0.0,0.0,False
TowerBee,7.494595408439636,2.5139764547348022,1.7719403505325317,11.78051221370697,324,63.6185869721306,21.340128588039807,15.041284439829598,-0.017662515610824398,False
MST,80.22408664226532,261.92979422211647,132.36141249537468,474.51529335975647,41064,16.90653341734193,55.19944201746368,27.894024565194385,0.0012696601853961953,False
ETHERC,0,6.834040999412537,7.387809753417969,14.221850752830505,466,0.0,48.05310587338565,51.94689412661435,0.015853668998751007,False
Elepig,2.85772442817688,13.09453284740448,16.572345852851868,32.52460312843323,336,8.786346806115638,40.260392404164804,50.95326078971956,0.04081732566867556,False
DINO,19.401040494441986,46.357720613479614,19.9748597741127,85.7336208820343,5584,22.629442562722232,54.07181002802367,23.2987474092541,0.00010276133231925417,False
LaborCrypto,20.483153700828552,9.135244727134705,0,29.618398427963257,646,69.15685785862765,30.843142141372365,0.0,-0.03170766826753646,False
MD Tokens,0,0,0,0,0,0,0,0,0,False
BitImage,0,0,0,0,0,0,0,0,0,False
Byteball,42.19553625583649,154.6239394545555,19.948834985494614,216.7683106958866,11350,19.465731001167594,71.33143168305811,9.202837315774294,-0.0019600617859332047,False
GrabAMeal,2.3896530270576477,2.3504958748817444,0,4.740148901939392,71,50.41303715332531,49.58696284667469,0.0,-0.03365708488813588,False
GLEDOS,3.3653950691223145,0,0,3.3653950691223145,18,100.0,0.0,0.0,-0.18696639272901747,False
CarLive Chain,0,0,2.9782453775405884,2.9782453775405884,342,0.0,0.0,100.0,0.008708319817370141,False
WONO,4.178357809782028,6.153179943561554,1.150429129600525,11.481966882944107,499,36.39061018359818,53.58994679475864,10.019443021643186,-0.006067993347057121,False
SelfSell,12.355422675609589,13.729644119739532,0,26.08506679534912,528,47.365884751395456,52.63411524860454,0.0,-0.02340042173410907,False
Acute Coin,0.7318094968795776,3.229293465614319,0,3.9611029624938965,58,18.47489206437676,81.52510793562324,0.0,-0.012617405118613407,False
CryptoFlix,1.935701847076416,5.482650637626648,0,7.418352484703064,145,26.093419678667328,73.90658032133267,0.0,-0.013349667910871835,False
HubToken,0.8753746151924133,0.7458937764167786,0,1.621268391609192,67,53.993195680794045,46.006804319205955,0.0,-0.01306529276406587,False
ICO Pass,6.6234501004219055,0.7711144089698792,0.8800181746482849,8.27458268404007,240,80.04572983719346,9.319073099084461,10.635197063722076,-0.023930966357390084,False
Amicorum Live,0,0,0,0,0,0,0,0,0,False
Global REIT,7.908735543489456,53.54648432135582,53.968600034713745,115.42381989955902,3913,6.8519093808986575,46.39119062941391,46.756899989687426,0.01177098504759118,False
WizeBit,18.254056930541992,0,0,18.254056930541992,471,100.0,0.0,0.0,-0.03875595951282801,False
Zichain,0.9813482761383057,9.21792858839035,0,10.199276864528656,515,9.621743670389685,90.37825632961032,0.0,-0.0019055306332782635,False
Tradingene,10.058589339256287,9.664748907089233,0,19.72333824634552,185,50.99841220397877,49.00158779602123,0.0,-0.05437075318516912,False
OkeyDokey,0,0,0,0,0,0,0,0,0,False
Birdchain,20.737292766571045,27.908029675483704,13.025344133377075,61.670666575431824,1474,33.62586123697308,45.25332905449999,21.120809708526927,-0.005231986861054253,False
FreelancerCoin,0,0,0,0,0,0,0,0,0,False
Blue Whale,26.836563110351562,221.67169052362442,64.63309499621391,313.1413486301899,6123,8.570111621395839,70.78965824644631,20.64023013215785,0.006172877982339107,False
GoldMint,4.821752488613129,26.48445749282837,1.7520791888237,33.0582891702652,869,14.585608056662927,80.11442260796193,5.299969335375151,-0.003532420367997041,False
EvolutionOS,91.04148173332214,37.475224792957306,6.765437126159668,135.28214365243912,3046,67.29748603571946,27.701530875528547,5.000983088752001,-0.027667775642535284,False
Linfinity,5.688022613525391,30.058220207691193,2.257747143507004,38.00398996472359,700,14.966909050352816,79.09227487848541,5.940816071161766,-0.004900393528597695,False
Cortex,34.776485443115234,23.599357843399048,9.701461285352707,68.07730457186699,3725,51.08381664318515,34.66552912430012,14.250654232514732,-0.00673155010946645,False
Crowd for Angels,0.9841763973236084,4.29888379573822,0,5.283060193061829,249,18.62890751493072,81.37109248506928,0.0,-0.003952515651902042,False
Iconiq Lab,16.96928572654724,31.554126799106598,4.361257195472717,52.884669721126556,1188,32.087343678291504,59.665923916134886,8.246732405573608,-0.01061281862885061,False
Arousal,9.601391613483429,9.968254685401917,2.422450304031372,21.992096602916718,534,43.658373218540866,45.32653191456002,11.015094866899105,-0.01344371031732595,False
CGCX,52.43911725282669,28.284916579723358,0.524716854095459,81.24875068664551,1134,64.54144440333638,34.812740307614874,0.6458152890487513,-0.045779894531509026,False
WULET,60.5660058259964,63.95880597829819,0,124.52481180429459,2315,48.63770115242817,51.36229884757183,0.0,-0.026162421523108596,False
Elysian,12.139941781759262,85.32330119609833,0.5042272806167603,97.96747025847435,909,12.391808984890202,87.09350253812205,0.5146884769877416,-0.012800566007857539,False
Coinet,2.554879903793335,7.7515928745269775,0,10.306472778320312,124,24.78908117981479,75.21091882018521,0.0,-0.020603870191881733,False
Lancer Network,1.793139934539795,0,1.482648253440857,3.275788187980652,224,54.73919043725382,0.0,45.26080956274618,-0.0013861235763345445,False
Safe Haven,13.532893896102905,104.39850521087646,34.72907942533493,152.6604785323143,4782,8.864700298472036,68.38607229229797,22.749227409230002,0.004432493837145969,False
ARAW Token,6.400548458099365,20.67689049243927,0,27.077438950538635,1189,23.637938838274227,76.36206116172576,0.0,-0.0053831357931870185,False
DirectHome,0,0,0,0,0,0,0,0,0,False
Buzcoin,0,1.6471409797668457,0,1.6471409797668457,14,0.0,100.0,0.0,0.0,False
DICEGAME,0,2.657112240791321,0,2.657112240791321,91,0.0,100.0,0.0,0.0,False
BeepBeep Nation,0.6764660477638245,0,0.9753747582435608,1.6518408060073853,13,40.952254315528755,0.0,59.047745684471245,0.02299297772921049,False
ABCC Exchange,10.388112962245941,31.55366188287735,3.8041314482688904,45.74590629339218,733,22.708289777060255,68.97592471008745,8.315785512852289,-0.008982239446080561,False
Deconet,0.9331721067428589,0.7381746768951416,0,1.6713467836380005,145,55.83354190036099,44.166458099639,0.0,-0.006435669701674889,False
DataBlockchain,4.212264955043793,5.126474618911743,0,9.338739573955536,294,45.105283445222334,54.894716554777666,0.0,-0.014327431819876847,False
CarBlock,0,0,0,0,0,0,0,0,0,False
Bulleon,0,0,0,0,0,0,0,0,0,False
CoinCrowd,0,0,0,0,0,0,0,0,0,False
RankingBall,22.573706328868866,7.253006398677826,0.7108133435249329,30.537526071071625,409,73.92120198712846,23.751126341398823,2.3276716714727277,-0.05345450607663553,False
Bubbletone,19.90267187356949,26.917219877243042,0,46.81989175081253,612,42.50900873393004,57.490991266069955,0.0,-0.03252070567576714,False
MPCX,3.4628889560699463,1.677234411239624,0,5.14012336730957,129,67.36976349815671,32.63023650184329,0.0,-0.026844100434650745,False
BlockStorage,0,0,0,0,0,0,0,0,0,False
XcelToken Plus,0,1.5507545471191406,0,1.5507545471191406,12,0.0,100.0,0.0,0.0,False
XCHNG,23.445232659578323,44.53644394874573,22.642279624938965,90.62395623326302,3620,25.8708995215692,49.14422830328707,24.98487217514373,-0.0002218102305633587,False
TrustLogics,16.78787350654602,7.670340955257416,3.112593412399292,27.57080787420273,1041,60.890031163192674,27.820515779787325,11.289453057020005,-0.013136676363253342,False
BitRent,1.7274596691131592,1.7109401226043701,0,3.4383997917175293,63,50.240221433071596,49.75977856692841,0.0,-0.027419994747827924,False
Free Market Token,4.144886672496796,18.757517457008362,0,22.902404129505157,534,18.098041799711932,81.90195820028806,0.0,-0.007761960060855422,False
StarChain,3.398407995700836,36.362674593925476,1.3655927181243896,41.1266753077507,528,8.263269448042095,88.41627562117232,3.320454930785594,-0.003850028934803876,False
ABitchain,0,5.346503734588623,0.942582905292511,6.289086639881134,130,0.0,85.01240387888302,14.987596121116978,0.007250637733019315,False
Check-Car,0,0,0,0,0,0,0,0,0,False
AI Gaming,1.875781536102295,0,0,1.875781536102295,46,100.0,0.0,0.0,-0.04077785948048467,False
AbacasXchange,0.7649411559104919,2.3180171847343445,0,3.0829583406448364,76,24.811919960958527,75.18808003904147,0.0,-0.010065015209348578,False
Ether joy,0,0,0,0,0,0,0,0,0,False
Blockport,35.86583200097084,122.15657591819763,5.973508059978485,163.99591597914696,4258,21.869954374675643,74.4875719549812,3.6424736703431395,-0.007020273353920234,False
ConcertVR,0,0,0,0,0,0,0,0,0,False
BitMinutes,0.9736841320991516,0.8403854370117188,0,1.8140695691108704,10,53.67402379040972,46.32597620959028,0.0,-0.09736841320991516,False
BFEX,3.4641921520233154,1.641594409942627,0,5.105786561965942,179,67.84835421497635,32.15164578502365,0.0,-0.01935302878225316,False
Hangry Animals,28.037188351154327,20.8478225171566,16.649012327194214,65.53402319550514,751,42.78264477599987,31.812212192378436,25.405143031621684,-0.015164016010599352,False
Argent,22.03407034277916,551.3090001344681,67.13122680783272,640.47429728508,30593,3.4402739401377773,86.07823959078817,10.481486469074044,0.0014741004957033817,False
Limocoinswap,0,0,0,0,0,0,0,0,0,False
Socean,0,0.44892072677612305,0.5583415031433105,1.0072622299194336,62,0.0,44.568406661295164,55.43159333870483,0.009005508115214686,False
CFun,16.111886620521545,9.010301351547241,0.8603668808937073,25.982554852962494,724,62.010401639485,34.678273181899584,3.3113251786154105,-0.021065634999485966,False
Coin Governance System,0,0,0,0,0,0,0,0,0,False
Cryde,38.97332149744034,68.0656099319458,19.441896438598633,126.48082786798477,1879,30.8136198619122,53.81496237753104,15.371417760556758,-0.01039458491689287,False
Belotto,1.9589368104934692,1.7324936389923096,0,3.691430449485779,30,53.067146660350915,46.932853339649085,0.0,-0.06529789368311564,False
Terra Virtua,15.51115733385086,31.215986967086792,4.369308233261108,51.09645253419876,1045,30.356622748847922,61.09227826764293,8.551098983509156,-0.01066205655558828,False
Olympus Labs,17.926972776651382,43.213538467884064,9.101912468671799,70.24242371320724,2092,25.52157489588544,61.52056860156277,12.957856502551781,-0.004218480070735939,False
Proton,38.29892045259476,78.46251085400581,119.6155252456665,236.37695655226707,8383,16.20247633746236,33.19380704381663,50.60371661872101,0.00970017950531692,False
Touch. Social Network,0,0,0,0,0,0,0,0,0,False
Zeex,16.205379843711853,10.515680968761444,0,26.721060812473297,1056,60.64646893115575,39.35353106884425,0.0,-0.015346003639878649,False
AutoBay,30.811386823654175,22.542300045490265,0,53.35368686914444,1353,57.74931149410979,42.25068850589021,0.0,-0.022772643624282465,False
CargoChain,2.126928985118866,2.0648722052574158,0,4.191801190376282,178,50.74021616296979,49.25978383703021,0.0,-0.01194903924224082,False
4NEW,49.69143649935722,92.1985741853714,0.9017791748046875,142.7917898595333,3350,34.799925505688755,64.56854016331658,0.6315343309946481,-0.014564076813299265,False
Moveco,0,1.598077416419983,0,1.598077416419983,10,0.0,100.0,0.0,0.0,False
GladAge,0.9800103306770325,0.8959460854530334,0,1.875956416130066,19,52.24057031659126,47.75942968340874,0.0,-0.051579491088264866,False
Indorse,7.245302677154541,15.643159210681915,2.8317291736602783,25.720191061496735,750,28.16970783704946,60.82054045896964,11.009751703980895,-0.005884764671325683,False
Unboxed,43.21500676870346,88.00832358002663,13.897579610347748,145.12090995907784,3435,29.77862168924486,60.64482616932584,9.576552141429296,-0.008534913292097733,False
MetaMorph,13.363698065280914,33.676793575286865,1.3934690356254578,48.43396067619324,1596,27.591586314041788,69.53136416085012,2.8770495251080925,-0.007500143502290386,False
Delicia,13.492895483970642,451.1484938263893,1.3975355923175812,466.03892490267754,8936,2.895229295876595,96.80489541095784,0.2998752931655713,-0.0013535541508116675,False
0Chain,34.00949141383171,76.78245037794113,9.621008932590485,120.41295072436333,3468,28.244047844722836,63.76594038767761,7.9900117675995554,-0.007032434394821576,False
Esports Chain,0,0,0,0,0,0,0,0,0,False
Smart Trip Platform,0.9519818425178528,0.5177085995674133,0,1.4696904420852661,149,64.77430996741981,35.22569003258019,0.0,-0.0063891398826701525,False
TrustNote,8.196532666683197,11.099582374095917,2.243582099676132,21.539697140455246,702,38.05314723431604,51.53081912767008,10.41603363801388,-0.008479986562688127,False
Parsec Frontiers,4.767491459846497,24.19995680451393,1.523404061794281,30.49085232615471,5643,15.63580909070553,79.36792499485324,4.996265914441238,-0.0005748870101102633,False
Mine Coin,2.3613964915275574,7.724475800991058,2.6236045956611633,12.709476888179779,916,18.579808691605017,60.777291378334134,20.64289993006085,0.00028625338879214625,False
BITRUST,70.7361170053482,33.27991557121277,0,104.01603257656097,1362,68.00501350912698,31.994986490873025,0.0,-0.05193547504063745,False
DeepToken,0,2.5250145494937897,7.179167985916138,9.704182535409927,205,0.0,26.019858347472102,73.98014165252789,0.03502033163861531,False
Workcoin,4.081769585609436,14.916918694972992,4.156925439834595,23.155613720417023,273,17.627559497636692,64.4203123919807,17.9521281103826,0.0002752961693229256,False
McFly,2.1543967723846436,34.7588010430336,5.79198956489563,42.70518738031387,961,5.044812830812615,81.39245645613681,13.56273071305058,0.0037852162252975923,False
CoinMetro,83.62132197618484,73.28965413570404,10.507039308547974,167.41801542043686,4258,49.94762467240256,43.776444220564755,6.275931107032684,-0.01717103867253097,False
Kryptono Exchange,6.597709238529205,33.029515504837036,1.1765461564064026,40.803770899772644,1134,16.169361539489397,80.9472133984094,2.8834250621012045,-0.00478056709181905,False
dApp Builder,16.17123192548752,5.805077791213989,2.567312180995941,24.54362189769745,767,65.88771613616089,23.652082872734407,10.46020099110471,-0.01773653160950662,False
PreVUE,40.73470330238342,119.48070511221886,14.282664000988007,174.4980724155903,4077,23.343927378961716,68.4710744699,8.184998151138283,-0.006488113637820803,False
EthicHub Twitter,0,0,0,0,0,0,0,0,0,False
Urbit,12.97847032546997,78.4699239730835,6.4584536254405975,97.90684792399406,3933,13.25593725123831,80.14753373941768,6.596529009344016,-0.0016577718535543792,False
Boosto,18.399387568235397,102.35848701000214,15.933015555143356,136.6908901333809,2342,13.460580694354654,74.88318124940315,11.656238056242199,-0.0010531050440188048,False
Assettoken,0,3.0286946296691895,0,3.0286946296691895,17,0.0,100.0,0.0,0.0,False
Anything App,10.197494745254517,18.09922569990158,2.4425068497657776,30.739227294921875,698,33.17420651930032,58.87989807372801,7.9458954069716645,-0.01111029784453974,False
Pointium,1.642609715461731,1.3433765172958374,0,2.9859862327575684,76,55.01062588439248,44.98937411560752,0.0,-0.021613285729759617,False
BIOK,4.273960649967194,3.1595202684402466,0.7036919593811035,8.137172877788544,235,52.523901288044605,38.82823083511673,8.64786787683866,-0.015192632725898256,False
BITMILLEX,1.4270420372486115,6.777085304260254,0.9475006461143494,9.151627987623215,142,15.593313443013226,74.053330330141,10.353356226845781,-0.0033770520502412822,False
Bidipass,1.3149422407150269,1.5882834792137146,0,2.9032257199287415,84,45.292456307782416,54.70754369221758,0.0,-0.01565407429422651,False
Sentinel Protocol,17.14265638589859,150.95407181978226,11.6869495511055,179.78367775678635,5266,9.53515725108783,83.9642806862561,6.500562062656074,-0.0010360248451942824,False
MoneyToken,0.5639866590499878,9.184258222579956,0,9.748244881629944,483,5.785520018201338,94.21447998179866,0.0,-0.0011676742423395192,False
Bitsum,7.725972533226013,20.001638889312744,4.885019361972809,32.612630784511566,1116,23.690123572904895,61.33095800051785,14.978918426577254,-0.0025456569634885345,False
Endorsit,13.171987265348434,21.37675029039383,2.0755130648612976,36.62425062060356,556,35.96520622851549,58.36774794886313,5.667045822621376,-0.019957687410948086,False
SDChain,3.8461901545524597,14.695594012737274,1.6085935831069946,20.15037775039673,544,19.087434499716682,72.92962045065354,7.982945049629772,-0.004113228991627693,False
Mingo,19.50723296403885,118.58399057388306,61.896809846162796,199.9880333840847,5913,9.754200105850563,59.29554312189167,30.950256772257767,0.007168878214463715,False
LibertyLance,0,0,0,0,0,0,0,0,0,False
Block Broker,3.566355049610138,8.735858768224716,2.8161061108112335,15.118319928646088,258,23.589625477184363,57.78326434058372,18.627110182231924,-0.0029079416232515674,False
Hyperion,5.605626165866852,24.396065592765808,2.668564736843109,32.67025649547577,1014,17.15819453894746,74.67362735932059,8.168178101731941,-0.0028965102850332766,False
Golden Currency,20.830084085464478,146.07987827062607,20.935587912797928,187.84555026888847,2435,11.08894198220165,77.76595083648368,11.145107181314659,4.3328060506550436e-05,False
DigiPulse,60.14657312631607,55.27918601036072,22.671153008937836,138.09691214561462,6172,43.55388704339402,40.02927013463722,16.416842821968757,-0.006071843829776123,False
EXCHAIN,6.966862171888351,38.478134989738464,4.010488659143448,49.455485820770264,1325,14.087137263471014,77.80357295282792,8.109289783701056,-0.002231225292637663,False
Spindle,14.129325807094574,60.47051388025284,7.689501047134399,82.28934073448181,3033,17.17029894878468,73.48523313046036,9.344467920754964,-0.0021232524760831438,False
SEDA,11.087311923503876,54.72074490785599,14.675908595323563,80.48396542668343,6172,13.775802254181702,67.98962329670951,18.234574449108784,0.0005814317355508242,False
ViValid,16.18536975979805,52.136577785015106,3.438777446746826,71.76072499155998,1795,22.554635229370472,72.6533598861314,4.792004884498132,-0.0071011656340118235,False
MBYS,1.8414823412895203,12.284385412931442,85.21189457178116,99.33776232600212,8573,1.8537586293178496,12.36627957514999,85.77996179553216,0.009724765219933703,False
Xenchain,0.7937597036361694,0.866678774356842,0,1.6604384779930115,98,47.80422244825323,52.19577755174677,0.0,-0.008099588812613974,False
Kakushin,1.8550519347190857,1.7949638366699219,0,3.6500157713890076,65,50.823121074163154,49.176878925836846,0.0,-0.02853926053413978,False
EVO,776.5562627911568,1396.9456865489483,537.9970002770424,2711.4989496171474,160331,28.639371698845885,51.51931505436104,19.84131324679308,-0.0014879172618777053,False
Strykz,1.663803219795227,6.209989249706268,1.5752142667770386,9.449006736278534,105,17.608234031702167,65.72107971797315,16.67068625032468,-0.0008437043144589379,False
KELTA,1.5068532824516296,146.59046137332916,4.192190855741501,152.2895055115223,4492,0.9894662651837296,96.25775648883308,2.7527772459831894,0.0005978044464135955,False
RAWG,19.681180238723755,82.73669999837875,8.680484592914581,111.09836483001709,2802,17.715094429010172,74.47157311898127,7.813332452008552,-0.003926015576662803,False
AICT,16.180996417999268,174.7591416835785,23.225849449634552,214.1659875512123,5313,7.555353024545972,81.59985798015164,10.844788995302386,0.001325965185702105,False
Meshbox,25.2698016166687,113.29549247026443,7.629197359085083,146.19449144601822,4201,17.28505730053412,77.4964168277834,5.218525871682474,-0.0041991440746449935,False
eosDAC,3.7422878742218018,17.31310474872589,4.722409605979919,25.777802228927612,1571,14.517482293437107,67.16284264644285,18.319675060120037,0.0006238839794768413,False
EatMeCoin,0,0,0,0,0,0,0,0,0,False
Superset,32.31099158525467,67.28666740655899,14.029927849769592,113.62758684158325,5935,28.43586886193566,59.21684097750697,12.347290160557373,-0.003080212929315093,False
Coinpaws,6.0704726576805115,2.898788571357727,0,8.969261229038239,258,67.68085467314948,32.31914532685052,0.0,-0.023528963789459345,False
Trident Group,1.1860378980636597,11.859544396400452,3.246666133403778,16.29224842786789,403,7.279768064639512,72.79255806162827,19.92767387373222,0.005113221427642973,False
Prontapay,0,2.384093403816223,0.9584407806396484,3.3425341844558716,56,0.0,71.325924351147,28.674075648853005,0.017115013939993724,False
Akaiito,0.9352937936782837,2.3847748041152954,0,3.320068597793579,45,28.170917742478352,71.82908225752165,0.0,-0.02078430652618408,False
SmartO,10.539981365203857,41.274322152137756,3.5544747412204742,55.36877825856209,2014,19.0359652076556,74.5443974931038,6.4196372992406046,-0.0034684739940334572,False
ENTRY,193.08909901976585,287.2273773550987,149.62032505869865,629.9368014335632,59229,30.65213821138058,45.59622119257806,23.75164059604136,-0.0007339103135468639,False
Digitize,22.048888385295868,26.399215668439865,4.074742376804352,52.522846430540085,1541,41.979614365445464,50.26234764970716,7.7580379848473715,-0.01166394938902759,False
VinChain,7.968637704849243,18.99090713262558,3.005803167819977,29.9653480052948,1083,26.592842183715685,63.37622753211455,10.030930284169767,-0.0045824880304979375,False
Bit.Game,28.16719165444374,104.44184166193008,4.426239967346191,137.03527328372002,2504,20.55470170525069,76.21529782751047,3.23000046723885,-0.009481210737658766,False
Pecunio,23.214763164520264,66.28856852650642,5.215382963418961,94.71871465444565,1927,24.50916194250813,69.98465801435488,5.506180043136992,-0.009340622833991336,False
LabStart,1.536423683166504,0,0,1.536423683166504,16,100.0,0.0,0.0,-0.0960264801979065,False
Vexanium,11.9961678981781,6.227845668792725,0,18.224013566970825,679,65.8261576358785,34.17384236412149,0.0,-0.017667404857405155,False
QRYPTOS Exchange,1.4233269393444061,6.430860936641693,0,7.854187875986099,216,18.121885570068645,81.87811442993134,0.0,-0.006589476571038917,False
THEKEY,91.44242143630981,57.70464131236076,29.52196329832077,178.66902604699135,4232,51.179783905163134,32.29694737194347,16.52326872289339,-0.014631488217861305,False
EchoLink,19.652083814144135,78.96597242355347,54.995692670345306,153.6137489080429,2935,12.793180267938368,51.40553692939589,35.801282802665746,0.012042115453560875,False
EthicHub,2.3950799107551575,3.7601186633110046,0,6.155198574066162,50,38.91149703677152,61.088502963228485,0.0,-0.04790159821510315,False
Marginless,0.9387063980102539,5.414936125278473,0,6.353642523288727,92,14.774303001302117,85.22569699869788,0.0,-0.010203330413154934,False
ABLE,4520.780444145203,11341.10576698184,5263.927413523197,21125.81362465024,1414960,21.399319924276046,53.683640159301106,24.91703991642285,0.0005252070513498576,False
Cosmochain,36.87891125679016,65.86988091468811,10.381324589252472,113.13011676073074,1908,32.59866807597198,58.2248854688291,9.176446455198917,-0.013887624039589984,False
ChronoBank,4.257956922054291,12.50039553642273,3.283208727836609,20.04156118631363,454,21.245634920706912,62.37236420962675,16.38200086966633,-0.002147022454223969,False
BitRewards,1.4064652919769287,3.8582617938518524,10.55311131477356,15.81783840060234,343,8.891640288368167,24.39183974534049,66.71651996629134,0.02666660648045665,False
Vanig,3.3351507782936096,9.118743300437927,0,12.453894078731537,265,26.77998349118209,73.2200165088179,0.0,-0.012585474635070225,False
London Football Exchange,2.8227912187576294,14.785114645957947,0.5976033210754395,18.205509185791016,534,15.505148413869982,81.21231048839542,3.2825410977346086,-0.004167018534985374,False
LemoChain,1.4955638945102692,0,1.5400307178497314,3.0355946123600006,450,49.267576389179126,0.0,50.732423610820874,9.881516297658284e-05,False
SurruS,0.5327185988426208,5.423815310001373,1.83848237991333,7.795016288757324,539,6.8340921828599095,69.58055133026583,23.58535648687425,0.0024225673118194978,False
CPROP,12.058383703231812,21.19605726003647,0.6460813879966736,33.900522351264954,1243,35.569905319709235,62.52427924387296,1.9058154364177988,-0.009181256890776458,False
Bundle,71.82704958319664,121.72609430551529,32.990628719329834,226.54377260804176,19842,31.70559435657908,53.73182096517903,14.562584678241889,-0.001957283583503014,False
3DES,12.95351180434227,134.79482305049896,17.55458837747574,165.30292323231697,5640,7.836226698869315,81.54412542424197,10.619647876888719,0.0008157937186406859,False
Contract Vault,10.152508437633514,10.315980195999146,0,20.46848863363266,864,49.60067457521748,50.39932542478252,0.0,-0.011750588469483235,False
Modex,5.091645956039429,29.675302147865295,1.1998831033706665,35.96683120727539,1518,14.156504159892428,82.50741350231198,3.3360823377955895,-0.0025637436447093296,False
Modorr,3.240258574485779,4.88691782951355,0,8.127176403999329,99,39.86942590407253,60.13057409592747,0.0,-0.032729884590765444,False
BitFence,0,0,0,0,0,0,0,0,0,False
MaxiMine,0,1.3294711112976074,0,1.3294711112976074,16,0.0,100.0,0.0,0.0,False
Biotron,42.12488034367561,67.74996170401573,4.242683261632919,114.11752530932426,2363,36.91359432260112,59.368586481676935,3.717819195721956,-0.016031399526890686,False
Berith,8.795862287282944,37.070203840732574,0,45.86606612801552,383,19.177276426395615,80.82272357360438,0.0,-0.022965697878023352,False
Moneda,2.7717625498771667,268.25574350357056,8.646338164806366,279.6738442182541,9259,0.9910696359986086,95.91735124655669,3.0915791174447005,0.000634471931626439,False
CyteCoin,0.745835542678833,4.545871883630753,0,5.291707426309586,144,14.09442137656079,85.90557862343921,0.0,-0.005179413490825229,False
BitLumens,5.7187976241111755,8.573816955089569,1.905800461769104,16.19841504096985,610,35.3046740045054,52.929974527780885,11.765351467713707,-0.006250815020232904,False
Union,108.28106790781021,359.07343715429306,139.0133352279663,606.3678402900696,29951,17.857323676006885,59.217097823413965,22.92557850057915,0.001026084849258993,False
BHOM,11.637351930141449,31.331958174705505,3.1605350971221924,46.12984520196915,525,25.227381273858434,67.92122981884195,6.8513889072996035,-0.016146317777179536,False
Potentiam,12.564724743366241,31.422855734825134,2.3055861592292786,46.293166637420654,1231,27.1416402376969,67.87795697999358,4.980402782309516,-0.008333987476959353,False
Emrify,0,0,0,0,0,0,0,0,0,False
Hai Project,0,1.6112380027770996,0,1.6112380027770996,90,0.0,100.0,0.0,0.0,False
LangNet,2.935619294643402,10.880647659301758,0.8133804202079773,14.629647374153137,1197,20.06623413104197,74.37395708200796,5.559808786950077,-0.0017729648073813073,False
Ambr,51.15749827027321,131.67545440793037,172.76006749272346,355.59302017092705,25421,14.386530490863612,37.02981974860935,48.58364976052704,0.004783547823549438,False
Snovio,42.06558933854103,36.38253930211067,49.86350214481354,128.31163078546524,4798,32.783925417387884,28.35482573122434,38.86124885138778,0.0016252423522868918,False
Alvalor,4.893725544214249,39.00994789600372,4.87678599357605,48.78045943379402,2953,10.032143200406153,79.97043969819295,9.997417101400895,-5.736386941482849e-06,False
Triggmine,1.855177402496338,0,0,1.855177402496338,46,100.0,0.0,0.0,-0.04032994353252908,False
Thorium,0.871507465839386,17.90507799386978,1.8996152877807617,20.67620074748993,670,4.215027105234438,86.59752443177183,9.18744846299373,0.0015344892864796653,False
Sport X,0,184.76125931739807,0,184.76125931739807,2398,0.0,100.0,0.0,0.0,False
MOS,3614.471262127161,9500.662497520447,5332.309880584478,18447.443640232086,1173432,19.593344924195076,51.501241488009875,28.90541358779505,0.0014639438999936233,False
VRT World,0.6292260885238647,0.9097185730934143,0,1.538944661617279,36,40.886856052550336,59.113143947449664,0.0,-0.017478502458996244,False
DateMe,0,9.80440217256546,0.5378813147544861,10.342283487319946,510,0.0,94.79920159398115,5.200798406018846,0.0010546692446166393,False
Helios Protocol,16.67639935016632,9.335204899311066,0,26.011604249477386,232,64.11138348186032,35.888616518139685,0.0,-0.07188103168175139,False
Gravity GZRO,0,0,0,0,0,0,0,0,0,False
Gosama,0,8.973397612571716,0,8.973397612571716,271,0.0,100.0,0.0,0.0,False
LaneAxis,4.7588794231414795,5.834626257419586,0,10.593505680561066,37,44.92261170798215,55.07738829201785,0.0,-0.12861836278760755,False
CRYPTTO,9.258947759866714,25.95804452896118,2.238558530807495,37.45555081963539,1774,24.71982805553317,69.30359842780138,5.976573516665443,-0.003957378370382875,False
Sleecoin,0,0,0,0,0,0,0,0,0,False
NAU,168.23343014717102,382.72872883081436,62.70633581280708,613.6684947907925,22914,27.414382777548973,62.36734198996016,10.218275232490871,-0.004605354557666227,False
TrigID,31.78359991312027,16.202222406864166,0,47.985822319984436,432,66.23539699117232,33.76460300882768,0.0,-0.07357314794703766,False
VeChain,528.664284735918,368.1760981976986,103.61081373691559,1000.4511966705322,25619,52.84258607469259,36.801005328693314,10.356408596614095,-0.01659133732772561,False
NWP Solution,7.462683916091919,3.762473165988922,0,11.225157082080841,255,66.48177715040526,33.518222849594736,0.0,-0.029265427121929095,False
Kinguin,4.178763508796692,9.913103938102722,0.8119710087776184,14.903838455677032,351,28.038169638137454,66.51376400504874,5.448066356813804,-0.009592001424555765,False
Goldiam,9.274588704109192,33.21597361564636,0,42.490562319755554,1475,21.827408717999162,78.17259128200084,0.0,-0.006287856748548605,False
First Trading Ecosystem,0,0,0,0,0,0,0,0,0,False
Cybereits,0,0,0,0,0,0,0,0,0,False
Blocknubie,0.8660714626312256,0.6919102072715759,0,1.5579816699028015,26,55.58932299153799,44.41067700846201,0.0,-0.03331044087043175,False
HOLD,1622.5248237252235,4359.644118845463,2017.2634542286396,7999.432396799326,524654,20.282999383486462,54.499418241096855,25.217582375416686,0.0007523789592825292,False
BCharity,14.103674530982971,9.264771103858948,2.136577546596527,25.505023181438446,1005,55.29763462927205,36.32528007503041,8.377085295697533,-0.011907559188444224,False
ALAX,117.32323178648949,119.36276757717133,32.85975456237793,269.54575392603874,15714,43.526277107923605,44.282933727801755,12.190789164274646,-0.00537504627873944,False
Blockchain Hotels 2.0,0,0,0,0,0,0,0,0,0,False
Crypto Angel,23.647493690252304,40.3854957818985,6.578874826431274,70.61186429858208,1399,33.489405675877556,57.193640449894566,9.316953874227877,-0.012200585320815603,False
Flashmoni,4.411929428577423,18.693575084209442,0,23.105504512786865,238,19.09471150537227,80.90528849462773,0.0,-0.018537518607468165,False
BLACKFOL.IO,0,0,0,0,0,0,0,0,0,False
Disciplina,1.6374017000198364,8.376407116651535,2.2292897701263428,12.243098586797714,6468,13.374079187645524,68.41737863390395,18.208542178450532,9.151021492061014e-05,False
Birake,1.4572832584381104,3.580466151237488,0.9268561601638794,5.9646055698394775,82,24.43218149758274,60.02854856559856,15.539269936818695,-0.006468623149685744,False
ExtraCredit,2.561453342437744,4.134330689907074,0,6.695784032344818,118,38.254718641824844,61.74528135817516,0.0,-0.021707231715574104,False
HowDoo,68.98916846513748,28.171543270349503,26.773881405591965,123.93459314107895,5342,55.66578847489721,22.7309765226573,21.60323500244548,-0.00790252472099317,False
SANCOJ,1.8813931941986084,1.7365870475769043,0,3.6179802417755127,110,52.001201456957666,47.998798543042334,0.0,-0.017103574492714622,False
Smart Unit,4.549001127481461,46.33187663555145,10.551559567451477,61.43243733048439,1669,7.4048846589131285,75.41923884006529,17.17587650102158,0.0035964999640323648,False
Papyrus,0,7.199693918228149,1.7516208589076996,8.951314777135849,327,0.0,80.43169185177325,19.568308148226752,0.005356638712255962,False
WeiCrowd,0,0,0,0,0,0,0,0,0,False
Talao,4.524035692214966,2.145775020122528,1.2066049575805664,7.87641566991806,191,57.43774683570033,27.24303934742503,15.319213816874635,-0.01736874730175078,False
Etheal,0.8936472535133362,8.858585834503174,0,9.75223308801651,647,9.163514094135476,90.83648590586452,0.0,-0.001381216775136532,False
StasyQ,0.8964242339134216,16.769690692424774,1.2952451705932617,18.961360096931458,46,4.7276367799084795,88.44139137011926,6.830971849972266,0.008670020362605219,False
BTU Protocol,0.8863419890403748,3.9056801199913025,0,4.792022109031677,173,18.496199910469063,81.50380008953094,0.0,-0.005123364098499276,False
Pantos by Bitpanda,0,0,0,0,0,0,0,0,0,False
Safein,0,3.784371256828308,0.9604521989822388,4.744823455810547,118,0.0,79.75789388315256,20.242106116847438,0.00813942541510372,False
Eniac Network,2.0531250834465027,0.7930164933204651,0,2.8461415767669678,105,72.13713822974047,27.862861770259524,0.0,-0.019553572223300026,False
Fox Trading,0,15.298127174377441,0.709221601486206,16.007348775863647,317,0.0,95.56939995862656,4.4306000413734425,0.002237292118253016,False
Decibels,0,0.6105872988700867,0.5116478204727173,1.122235119342804,112,0.0,54.40814392153891,45.5918560784611,0.0045682841113635474,False
MF Chain,32.567771911621094,9.309300124645233,0,41.87707203626633,896,77.76993549935104,22.23006450064896,0.0,-0.0363479597227914,False
Cryptelo,4.538135588169098,5.046387255191803,0,9.5845228433609,52,47.34858127353327,52.65141872646674,0.0,-0.08727183823402111,False
Cartel,12.344508290290833,126.1302849650383,308.5338476896286,447.00864094495773,21220,2.7615815802117503,28.216520534906014,69.02189788488224,0.013958027304398575,False
Bobâs Repair,18.710347831249237,2.4609395265579224,0,21.17128735780716,713,88.3760515599897,11.623948440010297,0.0,-0.026241722063463164,False
Measurable Data Token,10.02273428440094,36.7375573515892,3.9944260716438293,50.75471770763397,760,19.747394404074146,72.38254690571068,7.870058690215179,-0.007931984490469883,False
Blok,4.902192175388336,72.33575457334518,18.81945765018463,96.05740439891815,4029,5.103398541803142,75.30471495246843,19.59188650572843,0.003454272890244799,False
AdSigma,0.989000678062439,0.7194094657897949,0,1.7084101438522339,37,57.890119747964974,42.10988025203502,0.0,-0.026729748055741593,False
PayVX,0,0,0,0,0,0,0,0,0,False
Instant Assets Tokens,1.9762564897537231,4.940000772476196,0,6.916257262229919,193,28.574074312506763,71.42592568749323,0.0,-0.010239670931366442,False
Algebraix,27.896159827709198,33.94711130857468,3.5467032194137573,65.38997435569763,1486,42.661218485825145,51.914856433365095,5.423925080809765,-0.01638590619669949,False
Chimaera,2.6729238033294678,5.454381048679352,0,8.12730485200882,130,32.88819420461142,67.11180579538858,0.0,-0.020560952333303597,False
Essentia,186.90795090794563,497.9003323316574,294.0349026620388,978.8431859016418,98826,19.09477979721329,50.866199969817075,30.039020232969637,0.0010839956261924307,False
Pibble,2.1586979031562805,89.93161737918854,63.21239107847214,155.30270636081696,4580,1.389993744307937,57.90730856309043,40.70269769260164,0.013330500693300405,False
eCharge,9.416415750980377,52.022930175065994,4.793026238679886,66.23237216472626,2659,14.21724066829563,78.54607720478435,7.236682126920005,-0.0017387700309516702,False
Flux,30.15854051709175,189.04959428310394,38.76546376943588,257.9735985696316,9723,11.690553097026104,73.28253562818607,15.026911274787839,0.0008852127175094242,False
LAPO,0.8967220783233643,15.009073317050934,47.54718178510666,63.45297718048096,3892,1.4132072570413745,23.65385200817329,74.93294073478533,0.011986243501229007,False
VeriME,2.2774327397346497,0.8945069313049316,0,3.1719396710395813,44,71.79937123420247,28.200628765797525,0.0,-0.05175983499396931,False
Crestonium,0,0.7426959872245789,0.9300268888473511,1.67272287607193,11,0.0,44.4004202877083,55.5995797122917,0.08454789898612282,False
OS University,0,0,0,0,0,0,0,0,0,False
Friend Unifying Platform,2.0649566650390625,7.265608787536621,2.787429392337799,12.117994844913483,774,17.0404154438622,59.95718665110964,23.002397905028158,0.0009334272962515976,False
Photochain,27.027524054050446,12.026084750890732,13.548701345920563,52.60231015086174,1855,51.38086897046227,22.8622749008557,25.75685612868203,-0.007266211702495894,False
Aeternum,9.790717244148254,186.1099065542221,42.92600953578949,238.82663333415985,7746,4.09950812749152,77.92678059227259,17.97371128023589,0.004277729446377645,False
Xmoneta,0,0,0,0,0,0,0,0,0,False
Aphelion,14.629220098257065,59.327384889125824,66.79663223028183,140.75323721766472,3683,10.393523010510965,42.14992568688158,47.45655130260746,0.014164380160745253,False
Koios,2.569389581680298,2.6554847359657288,1.7818381786346436,7.00671249628067,253,36.67040117664584,37.89915366693472,25.430445156419445,-0.003112851395437369,False
Blockshipping,4.0087355971336365,0.7428796887397766,0,4.751615285873413,122,84.36574419338275,15.634255806617242,0.0,-0.03285848850109538,False
AIDA Service,0,0,0,0,0,0,0,0,0,False
Trifid,17.196250796318054,72.49750417470932,16.274129807949066,105.96788477897644,2706,16.227794706089778,68.41459969303124,15.357605600878976,-0.00034076902748299634,False
DarcMatter,10.720489978790283,6.346976816654205,1.2283321022987366,18.295798897743225,266,58.595364098108064,34.69089735915878,6.713738542733165,-0.0356848040469607,False
Signals,32.52524775266647,153.9053895175457,32.729547291994095,219.16018456220627,12608,14.840856160820822,70.22506840144648,14.934075437732696,1.6203960923827844e-05,False
Oyster Shell,26.701582849025726,150.78757220506668,9.531664609909058,187.02081966400146,3281,14.277331741459239,80.62608883650984,5.0965794220309215,-0.00523313570226049,False
CashBag,0,3.0165834426879883,1.2179189920425415,4.23450243473053,345,0.0,71.23820305182925,28.761796948170748,0.003530199976934903,False
Viola,30.460974901914597,372.1108258962631,338.35646256804466,740.9282633662224,46142,4.111190841002983,50.2222474555999,45.66656170339712,0.006672781580038361,False
Cappasity,16.00470870733261,49.07636761665344,5.101460963487625,70.18253728747368,1328,22.80440309784748,69.92675031914627,7.268846583006261,-0.008210276915545923,False
PHI,432.8515080809593,1378.1934537291527,751.8810496032238,2562.926011413336,186901,16.888958407436103,53.774219294342494,29.3368222982214,0.0017069440052341319,False
Biograffi,0,0,0,0,0,0,0,0,0,False
Gluon,26.007792234420776,183.1967785358429,27.305220156908035,236.5097909271717,4397,10.996497072051168,77.45843325034039,11.545069677608447,0.0002950711672702431,False
Fishcoin,21.169164717197418,26.34447991847992,3.344345510005951,50.85799014568329,1502,41.62406862040381,51.80008066188982,6.575850717706373,-0.01186738961863613,False
BZLcoin,0,0,0,0,0,0,0,0,0,False
A2B Taxi,6.357430040836334,4.351391851902008,0,10.708821892738342,101,59.366287949445784,40.633712050554216,0.0,-0.06294485188946866,False
Monanex,4.605619430541992,26.232974529266357,0,30.83859395980835,730,14.934596034256467,85.06540396574354,0.0,-0.0063090677130712225,False
Gladius,3.9834014177322388,22.150026619434357,21.947239220142365,48.08066725730896,1256,8.284829735025575,46.06846760444497,45.646702660529456,0.014302418632492138,False
Elementh,3.8948609828948975,3.3902654945850372,4.566481709480286,11.85160818696022,687,32.863565192614395,28.6059532267966,38.530481580589,0.0009776138669365185,False
Callisto,5.693453311920166,10.846540033817291,0.8479077816009521,17.38790112733841,344,32.743764012831555,62.37981199906666,4.876423988101792,-0.0140858881695326,False
CIBUS,16.24943369626999,92.163978099823,5.4470683336257935,113.86048012971878,2194,14.271355326938162,80.94465963503981,4.78398503802203,-0.0049235940577229695,False
ConnectJob,0,0,0,0,0,0,0,0,0,False
BitNautic,1.7899752259254456,1.753273069858551,0,3.5432482957839966,33,50.51791679559354,49.48208320440646,0.0,-0.05424167351289229,False
WOTER,0.990429162979126,0.8922606110572815,0,1.8826897740364075,44,52.607135633168475,47.392864366831525,0.0,-0.022509753704071045,False
Ethearnal,20.734523117542267,25.85314381122589,0,46.58766692876816,517,44.50646380134262,55.49353619865738,0.0,-0.040105460575516956,False
Bitcore,91.05352026224136,93.53580021858215,1.7767390012741089,186.36605948209763,3186,48.85735123405772,50.189289014595076,0.9533597513472044,-0.02802158859415168,False
Game Loot Network,14.811778545379639,13.634292125701904,0.5727149844169617,29.018785655498505,709,51.042034360845456,46.984364844083224,1.9736007950713235,-0.020083305445645523,False
MyDFS,5.6364905834198,11.332685708999634,0,16.969176292419434,316,33.21605295560377,66.78394704439623,0.0,-0.017836995517151264,False
Semux,11.626859575510025,73.44462823867798,8.23914623260498,93.31063404679298,1785,12.460379992359115,78.70981586283864,8.829804144802242,-0.0018978786234762155,False
Storweey,3.4971985816955566,5.866766095161438,0,9.363964676856995,130,37.34741322058669,62.65258677941331,0.0,-0.02690152755150428,False
WAR FIELD,10.291346609592438,92.58412581682205,18.042733430862427,120.91820585727692,2183,8.510998436198761,76.5675649588298,14.921436604971431,0.0035507956121255103,False
Leonardian,11.233249962329865,48.06317192316055,0.5228279829025269,59.819249868392944,533,18.778654006935724,80.34733305566905,0.874012937395219,-0.020094600336636657,False
Cornucopia,16.727720260620117,57.10577064752579,13.626744270324707,87.46023517847061,1901,19.126086531194062,65.29341080663256,15.580502662173373,-0.0016312340822174699,False
Tutellus,3.5221956968307495,4.626199662685394,0,8.148395359516144,269,43.22563574087426,56.77436425912574,0.0,-0.013093664300486058,False
Corl,2.814068615436554,8.59356415271759,0,11.407632768154144,1221,24.66829597892022,75.33170402107979,0.0,-0.0023047245007670383,False
Prandex,0.9595750570297241,7.215851962566376,0,8.1754270195961,132,11.737308090814945,88.26269190918505,0.0,-0.0072695080078009405,False
Dizcovery Network,0.928401529788971,10.780916094779968,0.9079660177230835,12.617283642292023,394,7.3581727740276115,85.44561888617046,7.196208339801932,-5.186678189311536e-05,False
BlockFollow,0,0,0,0,0,0,0,0,0,False
webRunes,0,1.627575159072876,0,1.627575159072876,10,0.0,100.0,0.0,0.0,False
Invest in Brokers,0,1.5176405906677246,0,1.5176405906677246,66,0.0,100.0,0.0,0.0,False
ApolloChain,11.545362293720245,14.798000693321228,0,26.343362987041473,854,43.8264556404568,56.1735443595432,0.0,-0.013519159594520193,False
uRunIt,1.6136119365692139,1.4739413857460022,0,3.087553322315216,42,52.26183220567797,47.738167794322024,0.0,-0.03841933182307652,False
AllStocks,20.56580638885498,2.1690016984939575,1.6520129442214966,24.386821031570435,707,84.33164110332837,8.894155149152216,6.774203747519413,-0.02675218309000493,False
